Date,Close,High,Low,Open,Volume
1/4/2021,13.07601929,13.61347925,12.92545084,13.06679604,560640000
1/5/2021,13.366436,13.40507494,13.04959423,13.06230746,322760000
1/6/2021,12.57844639,13.20714419,12.55002824,13.18470846,580424000
1/7/2021,13.30585861,13.33951268,12.84966678,12.93043464,461480000
1/8/2021,13.23880196,13.38263958,13.00472312,13.32430744,292528000
1/11/2021,13.58256626,13.92109631,13.32430672,13.38039557,518344000
1/12/2021,13.446208,13.7151876,13.3068579,13.71319251,291476000
1/13/2021,13.49307251,13.58605625,13.34674246,13.45144189,210028000
1/14/2021,13.16252041,13.56087844,13.14282722,13.53619943,283120000
1/15/2021,12.82274437,13.28716288,12.81177613,13.19019086,277780000
1/19/2021,12.98801899,13.0565719,12.8072865,12.97904394,226188000
1/20/2021,13.32754707,13.39211172,13.01943027,13.07427242,258572000
1/21/2021,13.82786083,13.95923434,13.2151173,13.38014392,337780000
1/22/2021,13.67330551,13.8021866,13.58829928,13.70072706,246820000
1/25/2021,13.61422634,13.7889755,13.19866753,13.74235905,251112000
1/26/2021,13.39684772,13.60574826,13.34923374,13.54168192,163980000
1/27/2021,12.8808279,13.19492713,12.75718178,13.19218459,371272000
1/28/2021,13.01369572,13.30162102,12.92345452,12.95910272,228316000
1/29/2021,12.95262337,13.29663757,12.87459709,13.03762961,271552000
2/1/2021,13.19916439,13.2328175,12.86586935,13.01593946,217204000
2/2/2021,13.51800156,13.53320722,13.24752614,13.36045317,220440000
2/3/2021,13.49182606,13.89192905,13.47786613,13.59702378,245408000
2/4/2021,13.62519264,13.63441589,13.29962597,13.49232329,201340000
2/5/2021,13.55215359,13.6979863,13.50703298,13.68577136,169152000
2/8/2021,14.39747906,14.43237886,13.68801262,13.68801262,434624000
2/9/2021,14.22248173,14.54156677,14.1818477,14.2997596,287560000
2/10/2021,14.72205067,14.86239831,14.30050945,14.42191134,485352000
2/11/2021,15.20715904,15.22859818,14.88234072,14.93743297,450828000
2/12/2021,14.91848755,15.24754426,14.73276921,15.00698377,374756000
2/16/2021,15.28643227,15.32856214,14.90726913,15.02119276,321960000
2/17/2021,14.86339664,15.1799893,14.73775637,15.12763863,274756000
2/18/2021,14.78661442,14.83073747,14.53333977,14.68689987,233868000
2/19/2021,14.88383293,15.1336166,14.80431084,14.98155237,271724000
2/22/2021,14.31471825,15.08999614,14.28405586,14.73252033,325884000
2/23/2021,14.10157871,14.19805243,13.35122902,14.03501898,391780000
2/24/2021,14.45755672,14.46528508,13.71668043,14.08238285,448320000
2/25/2021,13.26946259,14.33366228,13.17847394,14.00535305,824436000
2/26/2021,13.67529964,13.81489887,13.3228097,13.71319018,500932000
3/1/2021,13.80218792,13.88520002,13.51451267,13.83534274,353184000
3/2/2021,13.36793327,13.88071329,13.35771248,13.86027169,264116000
3/3/2021,12.76815128,13.41305221,12.76216792,13.3878749,377592000
3/4/2021,12.33489323,12.93791537,12.04921212,12.76416281,573344000
3/5/2021,12.42587948,12.51412653,11.6458651,12.51412653,542840000
3/8/2021,11.560112,12.43560162,11.5334379,12.41441259,543112000
3/9/2021,12.48877525,12.5850321,12.02893373,12.09975534,521824000
3/10/2021,12.43690395,12.94736664,12.42618116,12.80821769,384376000
3/11/2021,12.96083164,13.0134496,12.70248299,12.91744106,299916000
3/12/2021,12.82367897,12.85634676,12.55834792,12.61645095,243964000
3/15/2021,13.15808582,13.17354692,12.73515201,12.83240674,221988000
3/16/2021,13.25783634,13.47852971,13.08377457,13.32292175,272128000
3/17/2021,13.30770779,13.41942571,12.95684179,13.0069655,243864000
3/18/2021,12.69051552,13.15085548,12.6850295,13.10347523,293896000
3/19/2021,12.81345272,12.88901262,12.5807895,12.7179436,299208000
3/22/2021,13.15310001,13.36082653,12.87430266,12.88028809,297804000
3/23/2021,13.03789139,13.31095255,12.98851536,13.22092942,222048000
3/24/2021,12.61121178,13.1261644,12.60497806,13.11818414,245840000
3/25/2021,12.5037365,12.68278582,12.2411489,12.46807693,295144000
3/26/2021,12.8069706,12.82392805,12.34239179,12.5229365,363968000
3/29/2021,12.9156971,13.02966005,12.66807121,12.78801864,273520000
3/30/2021,12.8393898,12.94262996,12.67305906,12.80971472,200204000
3/31/2021,13.3146925,13.43663476,12.94986169,12.98277872,314776000
4/1/2021,13.77702808,13.83513112,13.47728266,13.53813013,308276000
4/5/2021,13.95233727,13.9787704,13.69847666,13.83263905,255672000
4/6/2021,13.82665062,14.018916,13.73887251,13.9645534,191744000
4/7/2021,14.10794258,14.2076906,13.6770285,13.84585253,251284000
4/8/2021,14.28100777,14.43511936,14.21317793,14.2169193,244416000
4/9/2021,14.36379719,14.37177745,14.13936342,14.17826493,195172000
4/12/2021,15.17076111,15.31390065,14.10370085,14.25382275,869324000
4/13/2021,15.64008045,15.6605291,15.08772257,15.1932068,676212000
4/14/2021,15.23859406,15.68097866,15.18921803,15.58571876,385500000
4/15/2021,16.09667969,16.17348576,15.59220056,15.62312276,598480000
4/16/2021,15.8724947,16.12510812,15.82536274,16.01264058,335208000
4/19/2021,15.3231287,15.76775828,15.19470254,15.49743969,404420000
4/20/2021,15.13310719,15.45803759,14.92538072,15.28472451,334132000
4/21/2021,15.32188225,15.32387708,15.06428128,15.08073932,216776000
4/22/2021,14.81291389,15.39968508,14.74633119,15.33634433,277788000
4/23/2021,15.22686958,15.29644405,14.86278751,14.89670147,227500000
4/26/2021,15.43908596,15.44008385,15.08697376,15.14682333,197796000
4/27/2021,15.34308338,15.63110722,15.31590159,15.53933848,164572000
4/28/2021,15.23834324,15.49320169,15.17724749,15.32587307,209416000
4/29/2021,15.28622341,15.39769212,15.03360996,15.36128391,173196000
4/30/2021,14.97176647,15.32637298,14.95929809,15.13635258,201912000
5/3/2021,14.79944897,15.20841803,14.75032314,15.08697425,203912000
5/4/2021,14.31516838,14.60069882,13.9750261,14.60044958,405324000
5/5/2021,14.42215157,14.7762596,14.35132996,14.67202154,292024000
5/6/2021,14.48648834,14.53461724,14.18225577,14.45880809,193380000
5/7/2021,14.77501011,14.93311134,14.63486328,14.77102045,229328000
5/10/2021,14.2298851,14.76877671,14.21417477,14.75007366,268904000
5/11/2021,14.2702837,14.31866183,13.71543249,13.79024375,285584000
5/12/2021,13.72391129,14.22439988,13.67478545,13.97427972,303408000
5/13/2021,13.63089275,14.04534875,13.42516112,13.99846603,285404000
5/14/2021,14.20719051,14.29197685,13.71393362,13.85507833,258616000
5/17/2021,14.12988472,14.13362514,13.81866983,14.12140599,216980000
5/18/2021,13.98051357,14.36803708,13.96879289,14.23113218,186256000
5/19/2021,14.03038788,14.04410339,13.50920144,13.53239262,344000000
5/20/2021,14.57576275,14.64683358,14.23462257,14.2665417,321592000
5/21/2021,14.9540596,15.1837311,14.83211734,15.12562711,672992000
5/24/2021,15.57275105,15.7054161,15.13784635,15.17425457,554816000
5/25/2021,15.60841084,15.77873123,15.44357646,15.72636344,435408000
5/26/2021,15.66052818,15.75404248,15.54706466,15.69469233,370440000
5/27/2021,15.44906139,15.71040278,15.42113191,15.66027906,581476000
5/28/2021,16.20365715,16.23657513,15.46202766,15.46202766,644536000
6/1/2021,16.22360992,16.3470495,15.8632682,16.22909689,472804000
6/2/2021,16.73607063,16.87621845,16.19468565,16.21139388,594168000
6/3/2021,16.92708397,17.21560806,16.54130707,16.65876119,580008000
6/4/2021,17.53405571,17.61659608,17.0525195,17.06947505,617120000
6/7/2021,17.5746994,17.7677134,17.14952258,17.52707089,575756000
6/8/2021,17.41311073,17.57719644,17.20762738,17.48318367,323848000
6/9/2021,17.31858253,17.53483831,17.21631776,17.47572383,381656000
6/10/2021,17.3851757,17.45202392,17.13674613,17.31034825,287772000
6/11/2021,17.78451157,17.89825134,17.40388323,17.43955096,416308000
6/14/2021,17.97756577,17.99826839,17.62238044,17.86507436,321376000
6/15/2021,17.74784279,17.97507302,17.68748187,17.87405474,243032000
6/16/2021,17.76954651,17.91371701,17.54431246,17.75009225,307124000
6/17/2021,18.61461067,18.79195408,17.71567072,17.73387853,809656000
6/18/2021,18.59614944,19.3307166,18.54152414,18.74106778,968856000
6/21/2021,18.38513565,18.49413699,17.78201738,18.39311679,672384000
6/22/2021,18.84358597,18.92041156,18.34398078,18.4292861,580144000
6/23/2021,19.01369667,19.10897936,18.86453844,18.96431028,332356000
6/24/2021,19.16160393,19.3756141,19.04462147,19.1838042,320924000
6/25/2021,18.98750496,19.30128698,18.85131752,19.236435,278364000
6/28/2021,19.93932343,20.03285915,19.27484525,19.31699837,495436000
6/29/2021,19.98097801,20.05281205,19.61207213,19.83705684,367632000
6/30/2021,19.95678902,20.11642322,19.81835602,19.95354632,326568000
7/1/2021,20.16580582,20.40924764,19.97324612,20.07900476,480136000
7/2/2021,20.44017601,20.45838572,20.24138213,20.39353374,342764000
7/6/2021,20.65119171,20.79436311,20.30373823,20.69010213,446708000
7/7/2021,20.32518959,20.82728952,20.28553129,20.80583902,418428000
7/8/2021,19.85726547,20.08698868,19.65572745,19.81112178,503300000
7/9/2021,20.00442123,20.03435335,19.70909826,19.91687232,296624000
7/12/2021,20.46562195,20.48582409,20.14161323,20.19374372,321984000
7/13/2021,20.203722,20.41448953,20.06803313,20.3538774,290708000
7/14/2021,19.79615021,20.37108322,19.70760412,20.31122089,380100000
7/15/2021,18.92289925,19.80163681,18.81539559,19.76646767,550564000
7/16/2021,18.11948967,19.11321345,18.03169146,18.98700341,688224000
7/19/2021,18.73682594,18.99847551,17.82466432,17.87430189,749060000
7/20/2021,18.56946564,18.79494899,18.12248949,18.687196,434687000
7/21/2021,19.36563683,19.48236999,18.69916432,18.83884373,371017000
7/22/2021,19.54921341,19.84154296,19.23193948,19.59710403,323826000
7/23/2021,19.51329994,19.65497559,19.20600333,19.61107553,195672000
7/26/2021,19.24990463,19.39756519,18.87077205,19.26686598,203943000
7/27/2021,19.16409874,19.57715207,18.69816515,19.22096767,248863000
7/28/2021,19.45842171,19.6010945,18.95158344,19.27484227,202191000
7/29/2021,19.61706352,19.80762698,19.28382534,19.47438879,190781000
7/30/2021,19.45443726,19.58513648,19.21897655,19.3736211,183497000
8/2/2021,19.70486259,19.91538081,19.31675169,19.65497763,217444000
8/3/2021,19.76970863,20.17577793,19.17606743,19.6948793,301811000
8/4/2021,20.22766685,20.27156692,19.78268507,19.9443155,231309000
8/5/2021,20.58983421,20.68561548,20.29550835,20.45314819,211435000
8/6/2021,20.31945229,20.52298651,20.16380869,20.47709212,178497000
8/9/2021,20.24861526,20.46112779,20.09696224,20.39926922,146443000
8/10/2021,19.89044189,20.38331246,19.78967097,20.27555946,179238000
8/11/2021,19.65397835,20.00317882,19.38559403,19.99719202,185925000
8/12/2021,19.85950851,19.98322376,19.57516002,19.82458866,151652000
8/13/2021,20.14185905,20.1678006,19.80562939,19.85950682,183063000
8/16/2021,19.90440369,20.24063334,19.40853797,20.08898032,210876000
8/17/2021,19.41352463,19.72481176,19.22296122,19.64000505,204585000
8/18/2021,18.99648285,19.58912506,18.95657336,19.45543055,285913000
8/19/2021,19.75275803,20.44816575,18.71912429,19.44945187,766555000
8/20/2021,20.76842308,20.81731087,19.88744184,19.94530793,675741000
8/23/2021,21.90781784,21.94672827,20.90212208,20.923074,575807000
8/24/2021,21.74319077,21.90881173,21.48578101,21.70328318,297299000
8/25/2021,22.16222763,22.41864018,21.67235067,21.68731578,347701000
8/26/2021,22.01756477,22.28894248,21.74020026,22.14926306,237940000
8/27/2021,22.58426666,22.67007056,22.11633867,22.13330001,304722000
8/30/2021,22.63614464,22.9903328,22.49945863,22.77782028,262580000
8/31/2021,22.33778,22.64712553,22.07333961,22.64712553,259850000
9/1/2021,22.39365959,22.64912006,22.30983716,22.4375674,201767000
9/2/2021,22.34875298,22.54533788,22.24796621,22.47049534,187834000
9/3/2021,22.79481316,22.93751115,22.15316991,22.27790623,280532000
9/7/2021,22.61419296,22.8506925,22.47448701,22.78483175,198107000
9/8/2021,22.29187584,22.56230406,21.93063807,22.46550857,254434000
9/9/2021,22.13021088,22.4904493,22.0843084,22.26492628,196856000
9/10/2021,22.43058205,22.57826864,22.22302065,22.30085522,248376000
9/13/2021,22.10527039,22.91555773,21.81188996,22.63614771,297500000
9/14/2021,22.1950798,22.36272467,22.03940876,22.22800923,199755000
9/15/2021,22.29386711,22.31981323,21.91965824,22.26193503,166538000
9/16/2021,22.1950798,22.23000582,21.88074378,22.13620425,156033000
9/17/2021,21.85380363,22.2739151,21.7839516,22.25295949,294503000
9/20/2021,21.06846237,21.38778702,20.61841356,21.1013918,349440000
9/21/2021,21.20118141,21.37980276,20.9058063,21.37182021,204688000
9/22/2021,21.89471436,21.91367338,21.15128513,21.32092659,268726000
9/23/2021,22.43457031,22.487458,21.84381829,22.09329087,248555000
9/24/2021,22.03442001,22.10227736,21.81488478,22.02344354,217655000
9/27/2021,21.6143074,21.75301412,21.28001501,21.66420117,245215000
9/28/2021,20.65532875,21.37381092,20.60742969,21.1692435,343069000
9/29/2021,20.47371864,20.97266387,20.42382298,20.89582664,218394000
9/30/2021,20.67230034,21.02156241,20.64435953,20.72419069,221009000
10/1/2021,20.698246,20.81499787,20.16038154,20.70622855,240978000
10/4/2021,19.69037247,20.49866311,19.51374583,20.46074317,345635000
10/5/2021,20.40785789,20.60444282,19.81211717,19.90791533,279282000
10/6/2021,20.65633011,20.67628647,20.03763728,20.07755381,297202000
10/7/2021,21.03054237,21.27702106,20.92775902,21.04750481,256919000
10/8/2021,20.78705215,21.16126102,20.73117054,21.05648299,151258000
10/11/2021,20.65134239,21.01856611,20.46773054,20.5315966,163388000
10/12/2021,20.62739372,21.01257913,20.48469573,20.78406212,162134000
10/13/2021,20.89482689,20.94571989,20.66930382,20.87387128,180652000
10/14/2021,21.70012665,21.70910654,21.07744244,21.24309263,243589000
10/15/2021,21.81587982,21.8847345,21.61630288,21.76398947,226994000
10/18/2021,22.1751194,22.24397408,21.59833776,21.70311769,189494000
10/19/2021,22.24297905,22.3317901,21.99051251,22.22900674,161473000
10/20/2021,22.0563736,22.38567737,21.93562856,22.25794714,146276000
10/21/2021,22.64412498,22.6630859,22.03641057,22.05038097,187590000
10/22/2021,22.67805672,23.08120376,22.51340579,22.77485221,249384000
10/25/2021,23.11713028,23.30573075,22.72196576,22.92453663,230235000
10/26/2021,24.66485596,25.20571427,23.8735296,23.93839301,485898000
10/27/2021,24.39942169,25.03707368,24.23077757,24.42237389,245990000
10/28/2021,24.88838387,24.89736566,24.47126642,24.82551705,234204000
10/29/2021,25.51306343,25.65476407,24.94726013,24.94825748,292503000
11/1/2021,25.77251434,25.83937243,25.17377974,25.59489036,265740000
11/2/2021,26.34530067,26.62171671,25.74556878,25.76752363,294112000
11/3/2021,26.54189491,26.72750339,26.17966164,26.61374354,239910000
11/4/2021,29.73813629,31.29883626,27.06079543,27.17156134,1153631000
11/5/2021,29.6892395,31.33376189,29.34795999,30.12332134,851260000
11/8/2021,30.73901749,31.03439258,29.84390851,30.08539857,503101000
11/9/2021,30.59233093,32.24184583,29.90079388,32.21390502,646746000
11/10/2021,29.3968544,30.78492076,28.71729125,29.29407295,636206000
11/11/2021,30.32589149,30.52547035,29.71418566,30.40372797,332172000
11/12/2021,30.32589149,30.61528065,29.56749449,29.94669394,413054000
11/15/2021,29.96166039,30.57935406,29.18530174,30.48754908,384909000
11/16/2021,30.13928223,30.325888,29.64333097,29.69622056,264484000
11/17/2021,29.19927216,30.44464053,28.73924422,30.353831,428508000
11/18/2021,31.60817719,32.69088734,31.2549239,32.29871867,781711000
11/19/2021,32.91540909,33.01819242,31.83768774,32.17497398,533867000
11/22/2021,31.88858604,34.57390918,31.83270442,33.44629193,754335000
11/23/2021,31.67903328,32.29173839,30.81485895,31.46847793,532163000
11/24/2021,32.60507584,32.78569378,30.86275863,31.39463525,435162000
11/26/2021,31.43654442,32.64099707,31.28386729,32.53122851,283069000
11/29/2021,33.30559921,33.34152258,31.96842553,32.29773129,454964000
11/30/2021,32.60707092,33.28264479,31.79678541,33.099031,622066000
12/1/2021,31.37252998,33.2228476,31.31763898,33.15298701,484368000
12/2/2021,32.06215286,32.41345449,30.96334114,31.1519666,472890000
12/3/2021,30.6320076,32.0651548,30.07012476,31.93640953,544325000
12/6/2021,29.97730255,30.18089567,27.98227499,29.82061309,658938000
12/7/2021,32.36254883,32.38450827,30.59007959,30.89547307,593053000
12/8/2021,31.76274872,32.22582726,31.35855294,31.93540523,475551000
12/9/2021,30.42940712,32.14100096,30.36753006,31.67093441,488507000
12/10/2021,30.13798714,31.24278753,29.80165697,31.08809488,488825000
12/13/2021,28.10503387,30.23379621,28.06012323,30.18888556,598344000
12/14/2021,28.28068161,28.62100349,27.19584207,27.64394911,667035000
12/15/2021,30.39846992,30.43938881,27.78267822,28.34356166,698297000
12/16/2021,28.33058739,31.09807749,28.03717291,31.09009397,707366000
12/17/2021,27.74574852,28.86452092,27.70482964,27.92938285,713758000
12/20/2021,27.66391373,28.08806836,27.09105503,27.25073691,461847000
12/21/2021,29.01721764,29.06212828,27.34654282,28.31761058,524385000
12/22/2021,29.34157181,29.49626446,28.39246156,28.83358449,395184000
12/23/2021,29.58109283,29.99926074,29.37250857,29.69586405,343022000
12/27/2021,30.88349724,31.02521521,29.58109059,29.6010513,403686000
12/28/2021,30.26173973,31.26773589,29.95235444,31.24977201,420591000
12/29/2021,29.94137383,30.48728757,29.30763563,30.2128345,343139000
12/30/2021,29.52720261,30.39647191,29.4812945,29.76772288,308864000
12/31/2021,29.3525486,29.9703198,29.27270767,29.61502641,266530000
1/3/2022,30.06114197,30.64996964,29.72580925,29.75575031,391547000
1/4/2022,29.23178864,30.40744692,28.29265884,30.21682654,527154000
1/5/2022,27.54913902,29.35753807,27.47828098,28.89146524,498064000
1/6/2022,28.12199783,28.38148133,27.01121087,27.58506696,454186000
1/7/2022,27.19285011,28.36551611,27.00322718,28.08507442,409939000
1/10/2022,27.34554482,27.41440793,25.59303417,26.52817225,594681000
1/11/2022,27.76171684,28.00922507,26.78566175,27.26869912,404089000
1/12/2022,27.94335365,28.53816789,27.55313,28.01121739,383413000
1/13/2022,26.52218628,28.42339911,26.44533774,28.3226,540171000
1/14/2022,26.88845634,27.14295064,26.15791073,26.24773202,395832000
1/18/2022,25.85152054,26.58506042,25.71878544,26.20781139,424270000
1/19/2022,25.0171814,26.49024783,25.00221182,26.02717119,488315000
1/20/2022,24.10200691,25.52816795,24.03014949,25.25371483,435181000
1/21/2022,23.32754898,24.77366876,23.21676951,23.46028409,718958000
1/24/2022,23.32555008,23.3335336,20.84648754,22.28562114,913982000
1/25/2022,22.27963448,22.89740571,21.95627896,22.50119341,664616000
1/26/2022,22.7267437,24.00918982,22.2556816,23.19381404,755959000
1/27/2022,21.90039253,23.94731732,21.63192609,23.52116582,573353000
1/28/2022,22.79460907,22.81257295,21.25367691,21.96825358,543774000
1/31/2022,24.43734169,24.4602967,23.00619131,23.13593213,564680000
2/1/2022,24.58903503,25.09502739,23.84252051,25.05410851,518925000
2/2/2022,25.1918335,25.76568957,24.50420176,25.74273647,543419000
2/3/2022,23.90040588,25.02716183,23.7327405,24.40939254,410178000
2/4/2022,24.27066994,24.58604192,23.58503497,23.92435942,354829000
2/7/2022,24.67886162,25.13195801,24.1539059,24.32356816,376868000
2/8/2022,25.05810165,25.17985894,23.93234312,24.31058962,410359000
2/9/2022,26.65192986,26.67189057,25.30261736,25.57108189,524282000
2/10/2022,25.77268219,26.87149413,25.5491283,25.94334381,513200000
2/11/2022,23.90140343,26.10002623,23.72575452,25.86449519,605472000
2/14/2022,24.21877098,24.82556242,23.70778751,23.88643262,440424000
2/15/2022,26.44234276,26.49224262,24.73474288,24.89941396,699869000
2/16/2022,26.4583168,26.52917676,25.5012229,26.20681868,732676000
2/17/2022,24.45829582,25.73375586,24.11697644,25.57906321,810595000
2/18/2022,23.59501266,24.93634138,23.05409005,24.6189726,761255000
2/22/2022,23.34351349,24.01617375,22.95428919,22.98921948,633422000
2/23/2022,22.34251022,24.10699829,22.25668259,23.75469916,566511000
2/24/2022,23.70080376,23.75270046,20.84848378,20.97323536,735801000
2/25/2022,24.10899162,24.16887185,23.33453472,23.67385918,528866000
2/28/2022,24.33653831,24.61598254,23.65988625,23.9443197,477319000
3/1/2022,23.43033791,24.32855065,23.08602429,24.24272113,412056000
3/2/2022,24.17597961,24.36463719,23.3724443,23.71282413,389642000
3/3/2022,23.67090225,24.2817895,23.42634668,24.21790473,365095000
3/4/2022,22.89431763,23.63696499,22.44114224,23.3415034,431415000
3/7/2022,21.31319427,22.99114089,21.2912349,22.77553194,450821000
3/8/2022,21.47490311,22.33234132,20.61247291,21.27027572,557467000
3/9/2022,22.97217751,23.17780253,22.20657115,22.34631612,492742000
3/10/2022,22.61682129,22.74658418,21.84223065,22.4900513,428066000
3/11/2022,22.05983543,23.10293631,22.00593272,22.98015875,367209000
3/14/2022,21.29123688,22.22154236,21.12054811,21.82925691,385354000
3/15/2022,22.93124962,22.99613202,21.28325099,21.47889394,491996000
3/16/2022,24.45147896,24.55229522,23.12988591,23.45728889,671422000
3/17/2022,24.72099686,24.79685706,23.86255901,24.07617084,471941000
3/18/2022,26.4049263,26.52071662,24.57925156,24.75393277,730719000
3/21/2022,26.68541527,27.1026568,25.91980895,26.45882851,591727000
3/22/2022,26.47579575,27.18849883,26.02461754,26.67842593,547007000
3/23/2022,25.5874157,26.5636371,25.5285229,26.07852025,502120000
3/24/2022,28.09884071,28.26853184,25.85991704,26.11844712,877379000
3/25/2022,27.64167595,28.30646602,27.22144149,27.83532364,579016000
3/28/2022,28.16772079,28.1986646,27.15656111,27.70556281,425494000
3/29/2022,28.60392761,28.89339965,27.92915542,28.6428563,488984000
3/30/2022,27.63967896,28.44421395,27.45301852,28.25256344,463487000
3/31/2022,27.23641014,28.19666171,27.22044038,27.73150901,523440000
4/1/2022,26.66345406,27.44602963,26.21926309,27.32524924,517235000
4/4/2022,27.31027985,27.50791998,26.56463761,26.6794284,397120000
4/5/2022,25.88387299,27.26935093,25.77307466,27.20446853,436615000
4/6/2022,24.36263847,25.25401504,23.95937344,24.88868105,703833000
4/7/2022,24.16400719,24.67707304,23.43533427,24.39658356,557992000
4/8/2022,23.07698631,23.87952609,23.02009069,23.87353648,524781000
4/11/2022,21.87717247,22.27944002,21.62063952,22.17363365,575207000
4/12/2022,21.46491814,22.68369975,21.24332148,22.4960417,662258000
4/13/2022,22.16264725,22.45910836,21.41600747,21.68851204,516943000
4/14/2022,21.21936607,22.73560652,21.12453941,22.46409957,569097000
4/18/2022,21.74341583,22.04785997,21.0406947,21.16147511,525701000
4/19/2022,22.15765953,22.33234074,21.27526525,21.68052756,512781000
4/20/2022,21.44296074,22.62880149,21.16147363,22.47607966,468974000
4/21/2022,20.14632034,22.35130538,19.96365236,21.66954609,656209000
4/22/2022,19.47953224,20.44876819,19.46456011,20.26610021,624713000
4/25/2022,19.86583138,19.9087525,19.06129641,19.16710276,641566000
4/26/2022,18.75385666,19.75203936,18.63607107,19.68216687,653143000
4/27/2022,18.38153648,19.13216882,18.25676364,18.56420259,499460000
4/28/2022,19.74604797,20.00058561,18.45639622,18.93252861,570327000
4/29/2022,18.51329231,20.09141827,18.48334615,19.36673792,500435000
5/2/2022,19.49749947,19.53842341,18.35757487,18.50730186,572049000
5/3/2022,19.56637955,19.7889758,19.09823193,19.36474695,475751000
5/4/2022,20.29704857,20.36292862,18.71692502,19.88679614,648855000
5/5/2022,18.80975723,19.88879225,18.46638247,19.83089899,626331000
5/6/2022,18.64105988,19.47653863,17.95730531,18.70194984,633297000
5/9/2022,16.91919708,18.22182387,16.79641952,18.00122674,644455000
5/10/2022,17.56302261,18.16492738,16.99405882,17.65685164,761474000
5/11/2022,16.59977531,17.72073544,16.53788962,17.31547318,670167000
5/12/2022,16.14560509,16.75749198,15.53871113,16.18952575,708728000
5/13/2022,17.6738205,17.89541715,16.5628443,16.7574896,670437000
5/16/2022,17.23262405,17.7556719,17.07491217,17.47717962,521446000
5/17/2022,18.14396286,18.3376105,17.60195051,18.04114943,585830000
5/18/2022,16.90722084,18.08507691,16.8333559,17.67282728,545161000
5/19/2022,17.09287834,17.65485484,16.70358586,16.90621793,621310000
5/20/2022,16.66366005,17.37835837,15.72636649,17.30050102,739105000
5/23/2022,16.86728859,16.88425789,16.14959551,16.24442216,639889000
5/24/2022,16.12463951,16.56683515,15.75131966,16.47999338,588550000
5/25/2022,16.94415283,17.07990537,15.97092425,15.99088837,781132000
5/26/2022,17.81855392,18.05911511,15.99287784,16.00685233,996575000
5/27/2022,18.77681541,18.8466879,18.06710708,18.15295123,738379000
5/31/2022,18.63806725,19.16510756,18.31665193,18.94550616,664100000
6/1/2022,18.28670883,19.01837664,18.08906868,18.68997592,544514000
6/2/2022,19.55639076,19.58334212,18.16492524,18.25875426,648656000
6/3/2022,18.68597984,19.29686908,18.48833971,19.0473234,598779000
6/6/2022,18.75185776,19.30185697,18.5302611,19.10421686,422406000
6/7/2022,18.8916111,18.96547604,18.15495121,18.43843557,388914000
6/8/2022,18.6180439,19.14918886,18.50522456,18.7688004,363252000
6/9/2022,18.01900864,18.90258723,18.01201991,18.45131364,395574000
6/10/2022,16.94673729,17.66857558,16.84190449,17.57173126,465248000
6/13/2022,15.62186527,16.28579699,15.58093077,15.97429791,604153000
6/14/2022,15.81056309,16.04019318,15.38724342,15.70573125,469680000
6/15/2022,16.50044823,16.84089998,15.90041301,16.06914116,563936000
6/16/2022,15.57594013,15.91639294,15.37626158,15.83452393,545749000
6/17/2022,15.85449219,15.96930724,15.30337882,15.6228645,630334000
6/21/2022,16.53938866,16.98067807,16.38064368,16.44853523,483089000
6/22/2022,16.33372116,16.6352361,16.15400999,16.19993563,437135000
6/23/2022,16.19893837,16.55835881,15.82753522,16.49246484,463680000
6/24/2022,17.09848976,17.11246721,16.28380053,16.47349586,472153000
6/27/2022,16.84190559,17.30216561,16.59929585,17.28419487,427968000
6/28/2022,15.95632744,17.17436699,15.91938622,16.87285206,461149000
6/29/2022,15.51703262,15.79458591,15.14563048,15.78859599,482352000
6/30/2022,15.13465118,15.54199582,14.83812831,15.33632639,686070000
7/1/2022,14.49967098,15.03880352,14.36888185,14.8750674,577610000
7/5/2022,14.93996239,14.94695111,14.03242311,14.15223024,651397000
7/6/2022,15.10569763,15.29439418,14.76524481,14.9858905,529066000
7/7/2022,15.83252621,15.91938635,15.36427973,15.43117249,492903000
7/8/2022,15.81256104,16.01124176,15.36428187,15.40521638,467972000
7/11/2022,15.12766075,15.50205836,15.01384356,15.50105957,437321000
7/12/2022,15.05777264,15.40621199,14.85310202,15.24347372,458483000
7/13/2022,15.13964367,15.35030521,14.44176697,14.5665662,521918000
7/14/2022,15.34731007,15.44814768,14.70434437,15.08373415,456235000
7/15/2022,15.73668003,15.75664741,15.42018887,15.6338458,385935000
7/18/2022,16.07513428,16.86985507,15.97629429,16.27581159,670517000
7/19/2022,16.96470642,17.08251691,16.14602389,16.45951869,702366000
7/20/2022,17.77839661,17.90419557,16.77401389,16.91977928,760538000
7/21/2022,18.02100563,18.1148545,17.51681765,17.85627166,557049000
7/22/2022,17.29117966,17.93813755,17.1094709,17.86425701,536671000
7/25/2022,16.99665451,17.09649426,16.62225687,16.99166148,480748000
7/26/2022,16.50644493,16.8918246,16.45153297,16.8618721,397865000
7/27/2022,17.76142502,17.90719041,16.88583293,17.00464126,569776000
7/28/2022,17.95511246,18.11086202,17.41198754,17.94612804,474646000
7/29/2022,18.13382721,18.21469648,17.66358305,17.78438899,435460000
8/1/2022,18.41137886,18.81572901,17.96110307,18.15279411,476469000
8/2/2022,18.49624062,18.90757947,18.06293774,18.09289023,489527000
8/3/2022,18.86264992,18.9375302,18.10786384,18.15478922,418146000
8/4/2022,19.18413544,19.24304068,18.72986637,18.81872411,409652000
8/5/2022,18.95849609,19.19811033,18.63601501,18.77978279,386068000
8/8/2022,17.76441765,18.20970227,17.21430405,17.47388663,981859000
8/9/2022,17.05854988,17.41896996,16.69713196,17.22428355,668263000
8/10/2022,18.06793213,18.08889831,17.2891843,17.66957285,597422000
8/11/2022,17.91317749,18.67694989,17.84728353,18.10187496,509327000
8/12/2022,18.67894363,18.68792995,17.92415763,18.13082582,478094000
8/15/2022,19.00142479,19.1332127,18.58309919,18.67095716,457666000
8/16/2022,18.84867477,19.11125281,18.47128169,18.88960928,451240000
8/17/2022,18.30554581,18.65797939,18.11585239,18.49324543,446799000
8/18/2022,18.74284554,18.83469681,18.1537931,18.27160359,415447000
8/19/2022,17.82032967,18.49025135,17.74145609,18.37643415,441588000
8/22/2022,17.00663757,17.52979601,16.93874601,17.46190445,409593000
8/23/2022,17.15340233,17.43694654,16.94274081,16.9617113,369986000
8/24/2022,17.19433784,17.37804232,16.86786341,16.98467416,522661000
8/25/2022,17.88422394,17.91816972,16.80595897,16.81694098,770691000
8/26/2022,16.23388481,17.8952118,16.21092104,17.82831997,769127000
8/29/2022,15.77561855,16.31175567,15.74167372,15.99426759,496132000
8/30/2022,15.44315529,16.01323728,15.15761442,15.93436465,530181000
8/31/2022,15.0697546,15.5150383,14.93497122,15.35928874,573710000
9/1/2022,13.91461277,14.356901,13.24868438,14.18617521,1178865000
9/2/2022,13.62508011,14.14823766,13.56916935,14.07735256,743157000
9/6/2022,13.44336891,13.75686461,13.32955173,13.70894138,535751000
9/7/2022,13.6960392,13.81987735,13.32852112,13.54523693,512657000
9/8/2022,13.97167778,13.98965481,13.35149174,13.44137307,624873000
9/9/2022,14.36815834,14.4550443,14.10750048,14.13845906,486612000
9/12/2022,14.48600388,14.52794869,14.17940577,14.35018231,484159000
9/13/2022,13.11380291,13.90376736,13.08184523,13.78392463,714956000
9/14/2022,13.11080647,13.272594,12.8960879,13.23664089,588507000
9/15/2022,12.91206932,13.21567113,12.7732514,12.99795715,523625000
9/16/2022,13.18071461,13.19469621,12.60047521,12.7253115,670751000
9/19/2022,13.36447334,13.44536758,12.99296082,12.99495805,569685000
9/20/2022,13.15874386,13.46534196,13.03990022,13.19769329,524818000
9/21/2022,13.24363136,14.01262333,13.09282911,13.19569485,807679000
9/22/2022,12.54454803,13.1317782,12.41172281,13.05288119,759162000
9/23/2022,12.49960804,12.59448389,12.24094742,12.40373405,663309000
9/26/2022,12.21198463,12.64242086,12.19800303,12.47464067,547343000
9/27/2022,12.39674282,12.71931974,12.24194609,12.49061957,553854000
9/28/2022,12.71931934,12.80620529,12.33781969,12.3937461,542414000
9/29/2022,12.20399666,12.4836297,11.93035533,12.43169775,532763000
9/30/2022,12.12310314,12.61645665,12.05918682,12.07117119,565638000
10/3/2022,12.4956131,12.66139605,12.08914561,12.33082924,547478000
10/4/2022,13.14975739,13.20268843,12.86213442,12.86213442,584182000
10/5/2022,13.19169998,13.30355376,12.60447073,12.89409089,507131000
10/6/2022,13.11280441,13.63811556,13.08583935,13.2026867,644157000
10/7/2022,12.06018448,12.65340639,12.0062553,12.48862253,672478000
10/10/2022,11.65471649,12.10812143,11.39305954,12.02123548,698699000
10/11/2022,11.57082748,11.83048627,11.26822384,11.54585965,667482000
10/12/2022,11.48493862,11.7196305,11.33014189,11.56383563,492590000
10/13/2022,11.94433784,12.06218335,10.79883958,10.95663267,850103000
10/14/2022,11.21229744,12.09513958,11.1893278,12.0412104,713432000
10/17/2022,11.87242889,11.93235073,11.50191548,11.50291363,580774000
10/18/2022,11.95132637,12.47563838,11.60278349,12.32783245,659362000
10/19/2022,12.03521538,12.33382449,11.81849959,11.86344073,523131000
10/20/2022,12.17803097,12.75227776,12.08914682,12.09713672,652398000
10/21/2022,12.44967365,12.48163229,11.87143241,12.08215557,609494000
10/24/2022,12.5824995,12.69335419,12.04820033,12.49161908,517457000
10/25/2022,13.24363136,13.28258079,12.64741315,12.67737454,505482000
10/26/2022,12.87911034,13.3704656,12.69135683,12.85214622,532953000
10/27/2022,13.15874386,13.81987753,13.10481468,13.61214976,583113000
10/28/2022,13.81588173,13.83186152,13.04389434,13.08683824,521040000
10/31/2022,13.47932434,13.81987833,13.27958645,13.75995649,486341000
11/1/2022,13.52526569,13.90676544,13.50129695,13.7929144,432817000
11/2/2022,13.20168781,14.19139014,13.19369887,13.83186195,672628000
11/3/2022,13.40342331,13.76295246,12.93903308,13.02591903,500065000
11/4/2022,14.13746071,14.21036506,13.67906125,13.96768327,612576000
11/7/2022,14.28227043,14.39312512,13.93572571,14.20936608,410061000
11/8/2022,14.58287716,14.87149824,14.19738204,14.78161595,595292000
11/9/2022,13.75796032,14.19239111,13.74098238,14.14345453,454414000
11/10/2022,15.72937298,15.75234262,14.52794842,14.78061734,700819000
11/11/2022,16.30561638,16.36753545,15.46172375,15.78629791,655487000
11/14/2022,16.27365875,16.51833872,15.90114712,16.19675993,527852000
11/15/2022,16.64417458,16.97573862,16.36054611,16.70010099,545876000
11/16/2022,15.88916397,16.34057169,15.85221272,16.14083476,649547000
11/17/2022,15.65646839,16.2446977,15.51465417,15.69441873,710894000
11/18/2022,15.38882065,15.98104446,15.10019861,15.9450904,492072000
11/21/2022,15.2969408,15.45673111,15.06025072,15.12716336,404739000
11/22/2022,16.0170002,16.03697447,15.10219923,15.30792982,472866000
11/23/2022,16.49736786,16.50535871,16.02698586,16.07691962,427241000
11/25/2022,16.24869347,16.46540834,16.15082223,16.29663094,167934000
11/28/2022,15.80627251,16.3355791,15.7044068,16.0050113,303741000
11/29/2022,15.61851883,15.91113533,15.49967519,15.80627235,298384000
11/30/2022,16.9051609,16.91215349,15.5805585,15.68045251,565298000
12/1/2022,17.11693764,17.24679976,16.6174647,16.98108132,470977000
12/2/2022,16.8582077,16.91514872,16.42766233,16.64143742,371389000
12/5/2022,16.59248924,16.97708358,16.45463424,16.66141674,352255000
12/6/2022,15.97014999,16.55553183,15.80232685,16.51257789,352694000
12/7/2022,16.10300827,16.16893868,15.65048477,15.75537458,372388000
12/8/2022,17.15089989,17.16088957,15.94217456,16.2558446,515456000
12/9/2022,16.9830761,17.56446325,16.95710444,17.14190887,465338000
12/12/2022,17.51651764,17.51951474,16.77929654,17.01904335,457328000
12/13/2022,18.05294991,18.77019344,17.69233039,18.51146568,656589000
12/14/2022,17.65537262,18.23276447,17.40164061,17.96804247,496888000
12/15/2022,16.93412781,17.30173987,16.68239458,17.12792352,478542000
12/16/2022,16.55353165,17.02303744,16.39270206,16.84622397,478232000
12/19/2022,16.236866,16.59149133,16.12798164,16.55453158,354039000
12/20/2022,16.06804466,16.29280788,15.83529141,16.04706689,403260000
12/21/2022,16.48360443,16.60947296,16.08502488,16.09701327,325025000
12/22/2022,15.3228302,16.12098868,14.86631217,16.07703443,565045000
12/23/2022,15.18997192,15.32283115,14.86731244,15.17998224,349326000
12/27/2022,14.10611439,15.08408245,14.04118237,15.05810983,464902000
12/28/2022,14.02120495,14.24696655,13.86936474,13.91231964,351066000
12/29/2022,14.58760643,14.66752202,14.21200333,14.38681905,354923000
12/30/2022,14.59859467,14.61357824,14.21799579,14.31888915,310490000
1/3/2023,14.29991055,14.98019343,14.08114152,14.83534581,401277000
1/4/2023,14.7334528,14.83734326,14.22598885,14.55164543,431324000
1/5/2023,14.24996281,14.5486474,14.13308556,14.4757244,389168000
1/6/2023,14.84333706,14.99417791,14.0192069,14.45874267,405044000
1/9/2023,15.61152554,16.03907384,15.12503846,15.26788831,504231000
1/10/2023,15.89223003,15.94517366,15.45569042,15.49065337,384101000
1/11/2023,15.98413181,16.01110378,15.54659381,15.82330223,353285000
1/12/2023,16.49359512,16.61946176,15.47566922,16.08302907,551409000
1/13/2023,16.88118744,16.90416391,16.14796187,16.26084173,447287000
1/17/2023,17.68334389,17.70931746,16.88119066,16.88119066,511102000
1/18/2023,17.35868263,17.85415815,17.26378156,17.64837593,439624000
1/19/2023,16.7473259,17.1788716,16.71336325,17.01804012,452932000
1/20/2023,17.82019997,17.83718225,16.80726869,16.99307158,564967000
1/23/2023,19.17277145,19.22471669,17.7992207,18.0449598,655163000
1/24/2023,19.24468994,19.47444892,18.80015937,18.80715196,496204000
1/25/2023,19.30262947,19.34958081,18.56041272,18.89306185,449537000
1/26/2023,19.7811203,20.14473681,19.25767265,19.68022696,489535000
1/27/2023,20.34353065,20.60625388,19.38454362,19.44148273,542142000
1/30/2023,19.14180183,20.11876965,19.12981345,19.9289713,488611000
1/31/2023,19.5164032,19.66624468,18.93002217,19.14978954,498017000
2/1/2023,20.92092514,21.16966132,19.59032845,19.67024404,660477000
2/2/2023,21.68611336,21.92586011,20.6781782,20.97786117,564276000
2/3/2023,21.07775497,21.72207542,20.76708203,20.97786002,429366000
2/6/2023,21.06677246,21.54726447,20.76409043,20.7840698,452197000
2/7/2023,22.14962578,22.23553556,21.1277035,21.35945928,664150000
2/8/2023,22.18159294,22.85388385,21.9848001,22.3634003,559651000
2/9/2023,22.31345177,22.9957323,22.09668148,22.58216919,523876000
2/10/2023,21.24258232,22.054725,20.78906235,21.66713544,550737000
2/13/2023,21.76503372,22.02475989,20.93990418,21.51529724,474919000
2/14/2023,22.94678307,23.02469995,21.34347372,21.55525011,675474000
2/15/2023,22.7400074,22.83091109,22.08270187,22.52523385,420575000
2/16/2023,21.97880745,22.52622821,21.90388575,22.10966797,412026000
2/17/2023,21.36545181,21.71707999,20.95288712,21.60819566,465888000
2/21/2023,20.63322449,21.47133874,20.59626284,20.97786007,410015000
2/22/2023,20.73212051,21.08175192,20.39947138,20.68517108,513184000
2/23/2023,23.63905144,23.86281621,23.00072517,23.41528857,1117995000
2/24/2023,23.26145554,23.44925901,22.92281405,23.20052091,589716000
2/27/2023,23.47622299,23.85482313,23.42927356,23.64504544,452994000
2/28/2023,23.19152451,23.79988364,23.18153482,23.34736018,455963000
3/1/2023,22.67407417,23.23148655,22.48427392,23.16755293,460026000
3/2/2023,23.28942299,23.3553534,22.40835277,22.4642954,389415000
3/3/2023,23.86481667,23.87480635,23.10561756,23.29541781,412393000
3/6/2023,23.52917099,24.22243774,23.46224028,23.86581563,437429000
3/7/2023,23.26740265,24.10366224,23.22044333,23.57912697,515154000
3/8/2023,24.15961266,24.17859686,23.40328222,23.46622623,513573000
3/9/2023,23.41526794,24.43236701,23.36231343,24.1536126,501257000
3/10/2023,22.9446888,23.60610395,22.70589986,23.38829635,474866000
3/13/2023,22.94568634,23.27739342,22.27727935,22.73187683,421890000
3/14/2023,24.04171562,24.19757777,23.43924834,23.47521771,474910000
3/15/2023,24.20657158,24.26451894,23.33933927,23.73998367,524486000
3/16/2023,25.51840973,25.56536714,23.87286521,24.0057489,583253000
3/17/2023,25.70224762,26.37565128,25.64529692,25.95902028,848547000
3/20/2023,25.87708855,26.00097941,25.10776923,25.59234081,432747000
3/21/2023,26.17582893,26.36865904,25.35855349,26.15684664,547408000
3/22/2023,26.44459152,27.56460037,26.21379492,26.40162838,797295000
3/23/2023,27.16695213,27.4746803,26.66639577,27.09101913,564889000
3/24/2023,26.75531578,27.14297312,26.33169098,27.00709372,454920000
3/27/2023,26.50753784,26.97612295,26.34168428,26.81326699,361026000
3/28/2023,26.38664246,26.489552,25.82713826,26.42361039,356104000
3/29/2023,26.96013069,27.05404741,26.57347388,26.80127284,393694000
3/30/2023,27.35877991,27.47467844,27.07802831,27.20491679,364516000
3/31/2023,27.75243378,27.80938257,27.08102723,27.11599612,433933000
4/3/2023,27.94026566,27.97523455,27.31182228,27.4846696,398716000
4/4/2023,27.42871666,27.97523372,27.28284589,27.94126339,368592000
4/5/2023,26.85722542,26.97412061,26.3716552,26.80527136,515015000
4/6/2023,27.01308823,27.05604946,26.40362712,26.56048785,397654000
4/10/2023,27.55460739,27.59657006,26.64541242,26.79927554,395279000
4/11/2023,27.14496803,27.76541901,27.1020049,27.69947741,314378000
4/12/2023,26.47156715,27.44370615,26.42460784,27.34579325,446259000
4/13/2023,26.43959236,26.86321711,26.30571201,26.71035257,353615000
4/14/2023,26.73433304,26.85922248,26.19680877,26.48055798,395660000
4/17/2023,26.97811699,26.98211316,26.40962004,26.54150325,321471000
4/18/2023,27.64252853,28.0851375,27.33280326,27.50864818,604812000
4/19/2023,27.90629578,27.97523499,27.20791461,27.33680023,358660000
4/20/2023,27.08002853,28.00521015,26.97612042,27.6465265,427713000
4/21/2023,27.09501266,27.15895714,26.69836445,26.92816056,345103000
4/24/2023,27.01808167,27.3417945,26.64740952,26.98910799,339282000
4/25/2023,26.21778679,27.22289741,26.2018021,27.05404628,378527000
4/26/2023,26.93215561,27.30582534,26.68137818,26.97811635,406337000
4/27/2023,27.20192146,27.47068457,26.60145315,27.33880134,377161000
4/28/2023,27.72445679,27.7334477,27.04705507,27.20092009,292216000
5/1/2023,28.88442993,29.03229975,27.75543022,27.81537662,570329000
5/2/2023,28.18505096,28.8104987,28.05816438,28.65463653,402730000
5/3/2023,27.77741241,28.34191327,27.44770434,27.81537891,383387000
5/4/2023,27.53762245,27.83435874,27.21590675,27.62654253,321850000
5/5/2023,28.65463066,28.72956317,27.70647072,27.801386,361494000
5/8/2023,29.12521553,29.19415475,28.32492531,28.49677216,344979000
5/9/2023,28.54572868,28.94737355,28.42483732,28.8734396,314869000
5/10/2023,28.85945129,29.08725027,28.43582654,28.97934409,369350000
5/11/2023,28.55272102,28.92439362,28.22101586,28.87044054,322149000
5/12/2023,28.31493568,28.75454707,28.02119508,28.50376771,274222000
5/15/2023,28.92738914,28.94337574,28.12709897,28.48278307,293926000
5/16/2023,29.1871624,29.84358282,28.80650076,28.81549167,449405000
5/17/2023,30.15130806,30.17228939,29.40397045,29.55783357,432535000
5/18/2023,31.64998245,31.79984941,30.29318371,30.38310426,748725000
5/19/2023,31.23634911,31.55206961,30.88865731,31.5081079,473908000
5/22/2023,31.14842987,31.49212551,30.65286822,30.87367154,372000000
5/23/2023,30.66086006,31.26032982,30.60391126,30.97258441,356253000
5/24/2023,30.51099205,30.57993127,29.77963909,30.18328111,721419000
5/25/2023,37.9464035,39.44507665,36.60259203,38.48892245,1543911000
5/26/2023,38.9115448,39.13534566,37.51677989,37.85647925,714397000
5/30/2023,40.07551956,41.90090314,39.91366411,40.55909259,923401000
5/31/2023,37.80053329,40.25935494,37.78854287,39.45306957,1002580000
6/1/2023,39.73482132,40.01457242,38.30608594,38.4549524,635873000
6/2/2023,39.29221725,40.46418014,39.02345416,40.06153669,482731000
6/5/2023,39.13635635,39.53000507,38.67276604,38.87458704,396094000
6/6/2023,38.61981583,39.12536887,38.11426279,38.79566268,388729000
6/7/2023,37.44572449,39.46814549,37.32681796,38.88460206,511998000
6/8/2023,38.47992325,38.83364688,37.47571087,37.69453779,417772000
6/9/2023,38.73971558,39.6799786,38.53687503,39.0065053,427717000
6/12/2023,39.45116043,39.49912328,38.58783686,39.16938301,388701000
6/13/2023,40.98995972,41.06890039,39.70896332,40.15461413,613208000
6/14/2023,42.96341705,42.96641306,40.52032332,40.79211403,740465000
6/15/2023,42.61968994,43.25519484,42.11408458,42.56873108,568622000
6/16/2023,42.65865326,43.6868488,42.62767543,43.41606058,655709000
6/20/2023,43.77378082,43.95564168,42.6406677,42.96441594,451153000
6/21/2023,43.01137924,43.58093757,42.04713658,43.46702438,551603000
6/22/2023,42.99139404,43.39207798,42.20101154,42.21999389,417737000
6/23/2023,42.17602921,42.77555901,41.9821805,42.43083109,358140000
6/26/2023,40.60026169,42.73059632,40.06867575,42.42783159,594322000
6/27/2023,41.84328842,41.90723761,40.4164063,40.76713005,462175000
6/28/2023,41.08488083,41.81231277,40.48634973,40.6282371,582639000
6/29/2023,40.79011536,41.56750759,40.56828862,41.52554058,380514000
6/30/2023,42.26895523,42.51676261,41.46858222,41.64744325,501148000
7/3/2023,42.37986374,42.86448545,42.16903004,42.48378258,198209000
7/5/2023,42.28395081,43.14327592,42.05212975,42.10208993,323618000
7/6/2023,42.07011795,42.14605881,41.3137092,41.81132136,303582000
7/7/2023,42.46979523,43.18024215,42.1470495,42.28893687,355881000
7/10/2023,42.14706039,42.77756814,41.61647303,42.62368908,353908000
7/11/2023,42.37187958,42.72460452,42.03414612,42.44782043,298244000
7/12/2023,43.8677063,43.90068147,42.74358509,42.99938564,481277000
7/13/2023,45.94108963,46.11894819,44.45724892,44.48322959,478204000
7/14/2023,45.43348694,48.05044078,45.024806,46.54661523,772075000
7/17/2023,46.42470932,46.45968183,45.22664832,46.25284659,510488000
7/18/2023,47.45689774,47.85858412,45.6982743,46.66451795,569164000
7/19/2023,47.04022598,47.78064829,46.70548858,47.42692472,427502000
7/20/2023,45.48444748,47.05022493,45.02680501,46.4706761,537865000
7/21/2023,44.27439117,45.83017812,44.06555478,45.75223611,963769000
7/24/2023,44.57715607,45.07376954,44.00560422,44.69606261,382516000
7/25/2023,45.64332581,46.14692999,44.88791572,44.90590322,348081000
7/26/2023,45.41648865,46.01702083,44.59513227,45.98504434,364237000
7/27/2023,45.864151,47.35798225,45.71426663,46.48266701,455976000
7/28/2023,46.71347809,46.99026212,46.34476688,46.63154142,331194000
7/31/2023,46.69250107,47.09318883,46.46967568,46.71748307,251055000
8/1/2023,46.47067642,46.86337103,45.99105178,46.42371225,237858000
8/2/2023,44.23442459,45.8041967,43.35311351,45.79520486,530142000
8/3/2023,44.48023224,45.08276192,43.76579052,43.76579052,324176000
8/4/2023,44.64509964,45.60634619,44.35832507,44.9498617,362666000
8/7/2023,45.38153076,45.5044358,44.52819761,45.07576998,322154000
8/8/2023,44.62911224,45.20665986,44.02158547,44.81796378,353843000
8/9/2023,42.52075577,44.27738176,42.10108191,44.23940944,586449000
8/10/2023,42.35488892,43.53996329,41.80231949,42.12706638,492705000
8/11/2023,40.82308578,41.98517932,40.60725491,41.71838579,533085000
8/14/2023,43.71881485,43.76577901,40.2795065,40.45436901,690286000
8/15/2023,43.9056778,45.23264344,43.6758579,44.52519627,676512000
8/16/2023,43.452034,44.64010447,43.37209465,44.48522676,527451000
8/17/2023,43.31014252,44.02758014,42.96740814,43.93565295,452395000
8/18/2023,43.26517868,43.54396008,41.62745897,42.60169587,583768000
8/21/2023,46.93031693,47.02823996,44.18746189,44.45924881,692573000
8/22/2023,45.63232422,48.14935743,45.29758683,48.0973961,755293000
8/23/2023,47.07920456,47.16313859,45.17269372,45.83018078,779046000
8/24/2023,47.12615967,50.22673659,47.12216499,50.1767764,1156044000
8/25/2023,45.98205948,47.7676625,44.98883254,46.9752826,925341000
8/28/2023,46.79841614,46.94330334,44.85293835,46.44569123,685192000
8/29/2023,48.74589157,49.04266045,46.35475937,46.62954607,701397000
8/30/2023,49.22552109,49.88800144,48.38717571,49.0056917,735206000
8/31/2023,49.3164444,49.70514046,48.91975517,49.34142639,528570000
9/1/2023,48.4711113,49.76110334,48.10439736,49.72313482,463830000
9/5/2023,48.51007843,48.81284315,47.82261612,48.18533153,382653000
9/6/2023,47.02812195,48.51508133,46.547459,48.40715889,468670000
9/7/2023,46.20869064,46.31161931,45.12045087,45.49319134,433330000
9/8/2023,45.54015732,46.57343526,45.23936894,45.90990154,473069000
9/11/2023,45.14642715,46.13073555,44.28103126,46.11574664,473966000
9/12/2023,44.83864975,45.64109012,44.4998859,44.706742,349256000
9/13/2023,45.45322037,45.89790914,44.47190423,44.56883658,398355000
9/14/2023,45.54915237,45.95486692,45.09946604,45.91789402,370097000
9/15/2023,43.86932373,45.56713395,43.77738515,45.30931482,506831000
9/18/2023,43.93527603,44.21108414,41.97065027,42.71812867,500271000
9/19/2023,43.48959351,43.93528104,42.97195387,43.80237454,373064000
9/20/2023,42.2094841,43.87232285,42.19349644,43.56953317,367108000
9/21/2023,40.98833847,42.07058193,40.95136557,41.55394488,450736000
9/22/2023,41.5809288,42.08557704,41.20219198,41.54295334,479236000
9/25/2023,42.19249725,42.50627702,41.14822547,41.56193765,419091000
9/26/2023,41.8817215,42.79008689,41.62589981,41.97165878,402282000
9/27/2023,42.43832397,42.84204482,41.59991334,42.30042373,444935000
9/28/2023,43.05888748,43.41563643,42.08556915,42.43032545,424663000
9/29/2023,43.46859741,44.11314705,43.27673027,43.79636728,397830000
10/2/2023,44.75071335,45.14343651,43.8303554,43.99923604,433298000
10/3/2023,43.48659134,45.09846705,43.21578079,44.77668964,470850000
10/4/2023,44.01023102,44.11216094,43.26175376,43.71144013,361821000
10/5/2023,44.65677261,44.86862627,43.8573324,44.01921795,393483000
10/6/2023,45.73002625,45.75700781,43.99523916,44.16212229,434436000
10/9/2023,45.24136353,45.57313227,44.33699713,44.81066494,409675000
10/10/2023,45.76599503,46.2266714,45.05649211,45.27833709,368582000
10/11/2023,46.77329254,46.82625691,46.0178203,46.16371819,378137000
10/12/2023,46.9121933,47.57573074,46.29762521,46.74431143,481325000
10/13/2023,45.42922974,47.08307579,45.24835647,46.92718276,474115000
10/16/2023,46.06279373,46.19270015,44.88061785,45.03151332,375099000
10/17/2023,43.90729904,44.72273077,42.4503176,43.969256,812333000
10/18/2023,42.16651154,43.18879926,41.79577242,42.56123596,627294000
10/19/2023,42.07158661,43.26675013,41.85273785,42.78108963,501233000
10/20/2023,41.358078,42.44032134,41.04929202,41.86072484,477266000
10/23/2023,42.94496918,43.21778104,40.91638888,41.20019083,478530000
10/24/2023,43.63248825,43.66646489,42.66117114,43.04689919,401463000
10/25/2023,41.74980545,43.61950025,41.52596295,43.36767362,398379000
10/26/2023,40.29782104,42.2264727,39.85213356,41.82375443,541001000
10/27/2023,40.47169876,41.17720669,39.98703707,41.10125959,416784000
10/30/2023,41.1322403,41.73681713,40.4527151,41.0582945,388028000
10/31/2023,40.75150681,40.85044047,39.20259051,40.42173935,517969000
11/1/2023,42.29542923,42.35138986,40.84044522,40.85543413,437593000
11/2/2023,43.47559357,43.85332773,42.86402179,43.29771657,409172000
11/3/2023,44.97354889,45.27733348,43.69244333,43.98923666,424610000
11/6/2023,45.7190361,45.90290947,44.86763015,45.25336206,400733000
11/7/2023,45.92289352,46.18570644,45.1264495,45.68705835,343165000
11/8/2023,46.54145813,46.83425267,45.93587876,46.0677865,346719000
11/9/2023,46.91719437,48.19629874,46.71733335,47.4338314,540496000
11/10/2023,48.30122757,48.43813288,47.24996446,47.4668119,421245000
11/13/2023,48.58601761,49.08167314,48.06538184,48.28622805,384136000
11/14/2023,49.62130356,49.79918059,49.00573664,49.64528886,416954000
11/15/2023,48.85383987,49.92508941,48.16632089,49.90010916,475497000
11/16/2023,49.44542313,49.49039366,48.29622903,48.64498417,339756000
11/17/2023,49.26355743,49.68226341,48.97276038,49.48939746,325205000
11/20/2023,50.3737793,50.51268212,49.14663667,49.27754566,414120000
11/21/2023,49.90910339,50.48170108,49.18760775,50.09097543,565747000
11/22/2023,48.68195724,50.29982538,47.65667323,49.817165,899420000
11/24/2023,47.74261475,48.88681507,47.71163437,48.43613002,294645000
11/27/2023,48.2082901,48.49608705,47.61870223,47.76659762,395662000
11/28/2023,47.78757858,48.28923047,47.43982222,48.20228947,401491000
11/29/2023,48.10636139,48.72792841,47.82655826,48.34519661,382005000
11/30/2023,46.73732376,48.0763877,46.38956732,47.99044544,526247000
12/1/2023,46.73232269,47.16702011,46.15472745,46.49249253,369317000
12/4/2023,45.47819901,46.04480417,44.97854837,46.04480417,437543000
12/5/2023,46.53755951,46.57153533,45.24334851,45.4382291,371718000
12/6/2023,45.47519684,47.35804843,45.38425283,47.18615264,380590000
12/7/2023,46.56753159,46.60051237,45.5761371,45.67207911,350823000
12/8/2023,47.4769783,47.71183535,46.52156106,46.56653555,359224000
12/11/2023,46.59851837,47.50196552,45.80200812,47.46199285,509728000
12/12/2023,47.62788773,47.6368811,46.01787183,46.01787183,372387000
12/13/2023,48.05862808,48.56431953,47.57892173,47.59990882,447792000
12/14/2023,48.32046127,48.64026548,47.3930306,48.36043775,391232000
12/15/2023,48.86013031,49.37381622,48.09060028,48.16455638,479948000
12/18/2023,50.04641724,50.40219882,49.11998522,49.36983255,412587000
12/19/2023,49.57368851,49.66963052,48.86512212,49.39379819,464444000
12/20/2023,48.08161163,49.96845884,48.06861909,49.62466721,397894000
12/21/2023,48.96007156,49.06500696,48.38941745,48.78118007,300425000
12/22/2023,48.80017471,49.35283451,48.43739367,49.16494962,252507000
12/26/2023,49.24888992,49.56969294,48.93008459,48.93807912,244200000
12/27/2023,49.38681412,49.64965396,49.05501618,49.48075847,233648000
12/28/2023,49.49174881,49.85352719,49.38181539,49.61267709,246587000
12/29/2023,49.49174881,49.96646094,48.72121987,49.78257142,389293000
1/2/2024,48.13857269,49.26488309,47.5659247,49.21391556,411254000
1/3/2024,47.53993988,48.15456204,47.29109145,47.45599156,320896000
1/4/2024,47.96868134,48.47037359,47.47897898,47.73781964,306535000
1/5/2024,49.06701279,49.5167387,48.27649555,48.43240231,415039000
1/8/2024,52.22107697,52.2430667,49.44877334,49.48175413,642510000
1/9/2024,53.10753632,54.29181378,51.65842135,52.36898935,773100000
1/10/2024,54.31679535,54.56664262,53.45632128,53.58324641,533796000
1/11/2024,54.78850937,55.31219135,53.52728306,54.9654032,596759000
1/12/2024,54.67657852,54.93642183,54.2968134,54.58663335,352994000
1/16/2024,56.34755707,56.80027945,54.86646395,54.9843919,449580000
1/17/2024,56.01875687,56.43650077,54.70655929,56.31257597,474394000
1/18/2024,57.07210922,57.56480806,56.07272017,57.22501563,491650000
1/19/2024,59.45466232,59.4636557,57.19004381,57.95357707,543501000
1/22/2024,59.61756134,60.29414977,59.03391843,60.01232052,452955000
1/23/2024,59.8364296,59.87340575,58.54921432,59.53361327,294654000
1/24/2024,61.32452011,62.81061138,59.90139009,60.26716767,560271000
1/25/2024,61.57935715,62.6806851,60.81282362,62.31190723,482777000
1/26/2024,60.99371719,61.74526055,60.53600059,60.92276142,390309000
1/29/2024,62.42684174,62.45082534,60.86979482,61.19459324,348733000
1/30/2024,62.73564911,63.45421163,62.22196318,62.8615754,410735000
1/31/2024,61.48941422,62.23096151,60.66291976,61.40246556,453795000
2/1/2024,62.98849487,63.15239614,61.61233723,62.06205926,369146000
2/2/2024,66.11959076,66.55931681,63.65109449,63.93492141,476578000
2/5/2024,69.28964233,69.45454244,67.16394292,68.1833164,680078000
2/6/2024,68.18132019,69.71138309,66.25949848,69.5874583,683111000
2/7/2024,70.0561676,70.17709587,67.55869398,68.27725643,495575000
2/8/2024,69.59844971,70.75074513,69.41256634,70.03118381,414422000
2/9/2024,72.08894348,72.14090605,70.16911161,70.48991468,436637000
2/12/2024,72.20386505,74.56542047,71.20647363,72.55564739,613710000
2/13/2024,72.08394623,73.40513741,69.57748238,70.35700477,602580000
2/14/2024,73.8548584,74.19065168,71.89405893,73.15728674,504917000
2/15/2024,72.61361694,73.92981385,72.35577892,73.82388341,420122000
2/16/2024,72.5686264,74.35653464,72.45669533,74.05471724,495327000
2/20/2024,69.40956879,71.91203666,67.69261615,71.90303948,704833000
2/21/2024,67.43078613,68.84592156,66.20753477,67.96445653,673755000
2/22/2024,78.49002838,78.52700072,74.17466517,74.97917375,865100000
2/23/2024,78.76885223,82.34366291,77.52261238,80.74064651,829388000
2/26/2024,79.04368591,80.59673744,78.4570389,79.65130857,503973000
2/27/2024,78.65290833,79.43143929,77.11485485,79.33249313,391705000
2/28/2024,77.61556244,78.88478332,77.07788906,77.57258944,393110000
2/29/2024,79.0636673,79.94112925,78.30213179,79.04568055,507289000
3/1/2024,82.22873688,82.24972777,79.38647245,79.95112974,479135000
3/4/2024,85.18492889,87.6414275,83.66785849,84.07860289,615616000
3/5/2024,85.91551971,86.04844795,83.36995896,85.22191083,520639000
3/6/2024,88.64996338,89.67338784,86.98090722,87.97235204,582520000
3/7/2024,92.61672211,92.7146664,89.55145093,90.10713703,608119000
3/8/2024,87.4786377,97.34507194,86.45721089,95.08434658,1142269000
3/11/2024,85.72562408,88.74691406,84.11852932,86.38025343,678364000
3/12/2024,91.86116791,91.90813847,86.10141745,87.99934859,668075000
3/13/2024,90.83673096,91.45238079,88.38511176,91.00363657,635713000
3/14/2024,87.89439392,90.59487329,86.55115026,89.52647603,602318000
3/15/2024,87.7874527,89.49548835,86.20834971,86.88096662,642086000
3/18/2024,88.40511322,92.35288237,87.03588316,90.33702167,668976000
3/19/2024,89.34758759,90.49293741,84.96206166,86.65110342,672171000
3/20/2024,90.32102966,90.35901024,88.17323968,89.7463494,479063000
3/21/2024,91.38342285,92.59574371,90.35400505,92.24794043,480372000
3/22/2024,94.23581696,94.72453954,90.78276395,91.08958999,586719000
3/25/2024,94.94841003,96.71141493,93.45725488,93.88801151,552136000
3/26/2024,92.50879669,96.32064875,92.44983186,95.79694219,513648000
3/27/2024,90.19909668,93.18740811,89.07273343,93.05948195,586067000
3/28/2024,90.30503082,91.24849853,89.14268489,89.94922884,435212000
4/1/2024,90.31202698,92.17297617,89.15368416,90.24806771,452441000
4/2/2024,89.40155792,90.04319416,87.57059033,88.39811869,433064000
4/3/2024,88.91382599,90.32303448,88.35014869,88.43410095,370067000
4/4/2024,85.85654449,90.58288103,85.83155707,90.35500518,434965000
4/5/2024,87.95836639,88.43109919,85.87753992,86.81700457,399678000
4/8/2024,87.08385468,88.77989606,86.68307989,88.6499645,283220000
4/9/2024,85.30584717,87.58556629,82.97516957,87.39267437,501700000
4/10/2024,86.98991394,87.35071041,83.66179014,83.87867062,431929000
4/11/2024,90.564888,90.68781972,86.87697442,87.37069147,431637000
4/12/2024,88.13626862,90.12415305,87.48064031,89.64841592,426805000
4/15/2024,85.95248413,90.5618819,85.88052615,89.04773716,443077000
4/16/2024,87.36569214,88.0682909,86.01545628,86.38424381,370453000
4/17/2024,83.98760223,88.72492642,83.90264347,88.2901666,495400000
4/18/2024,84.62324524,86.14139338,82.35552771,84.92208021,447260000
4/19/2024,76.1570282,84.27644767,75.56336901,83.10311371,875198000
4/22/2024,79.47315216,80.02783946,76.35691439,78.05994815,596341000
4/23/2024,82.37651062,82.72231615,80.21873169,80.72344413,438559000
4/24/2024,79.63206482,84.03457922,79.13834014,83.90264988,512208000
4/25/2024,82.58538818,83.27599263,78.17887125,78.82350402,424641000
4/26/2024,87.68553162,88.28119624,83.33998364,83.77074038,551011000
4/29/2024,87.7075119,87.94237235,85.2179118,87.5456007,388971000
4/30/2024,86.35327148,88.76890816,86.25133163,87.19079631,363709000
5/1/2024,82.99415588,85.95148631,81.20916028,85.02901046,559863000
5/2/2024,85.76859283,86.18835409,83.15306467,84.40136067,377898000
5/3/2024,88.73891449,89.23063371,86.99090057,87.7394786,398341000
5/6/2024,92.08803558,92.1679923,89.00477633,89.33958649,376203000
5/7/2024,90.50292969,91.72923505,88.96080065,91.0466216,437342000
5/8/2024,90.36102295,91.14257969,89.36957791,89.43254592,325721000
5/9/2024,88.69695282,91.02063859,88.18124498,90.47794554,378013000
5/10/2024,89.82730103,91.34944457,89.17666726,90.25406212,335325000
5/13/2024,90.34802246,90.94668368,88.47907428,90.42697266,289680000
5/14/2024,91.30448151,91.59931331,88.88384272,89.54846861,296507000
5/15/2024,94.57662201,94.80849341,91.54733339,92.41984208,417735000
5/16/2024,94.30579376,95.76496958,94.04993379,94.85648556,323952000
5/17/2024,92.42683411,94.68656039,91.75421718,94.31577508,359691000
5/20/2024,94.72655487,95.14631621,93.38731412,93.69713688,318764000
5/21/2024,95.3321991,95.34619114,93.12744211,93.54620449,328946000
5/22/2024,94.89644623,95.96584246,93.19640917,95.40516184,548648000
5/23/2024,103.7404709,106.2600454,101.4627491,101.9704658,835065000
5/24/2024,106.4089508,106.4149441,102.9419056,104.3900859,429494000
5/28/2024,113.8367538,114.8741704,109.8210225,110.1818189,652728000
5/29/2024,114.760231,115.4268546,110.8384483,112.9862383,557442000
5/30/2024,110.4376678,115.7536677,109.601142,114.5853284,484553000
5/31/2024,109.5711746,112.653435,106.8796926,112.4565399,613263000
6/3/2024,114.9351349,114.9351349,111.9398237,113.5569149,438392000
6/4/2024,116.3713303,116.5342403,113.980681,115.6507438,403324000
6/5/2024,122.3709412,122.3799311,117.4017455,118.304236,528402000
6/6/2024,120.9297485,125.5161569,118.2532577,123.9780235,664696000
6/7/2024,120.8198166,121.623364,117.9554358,119.7024433,412386000
6/10/2024,121.7213058,123.0305645,116.9440032,120.3021086,313434100
6/11/2024,120.8517303,122.8107848,118.6827704,121.7113088,222551200
6/12/2024,125.1396637,126.8188544,122.5109338,123.0006956,299595000
6/13/2024,129.5475311,129.737442,127.098715,129.3276359,260704500
6/14/2024,131.816452,132.7759809,128.25817,129.8973791,309320400
6/17/2024,130.9168854,133.6655603,129.517566,132.9259267,288504400
6/18/2024,135.5146637,136.2643023,130.6270209,131.076801,294335100
6/20/2024,130.7169647,140.6921502,129.4575775,139.7326215,517768400
6/21/2024,126.5089951,130.5670434,124.2400925,127.058733,649445800
6/24/2024,118.0530624,124.3999997,117.9830965,123.1805866,476060900
6/25/2024,126.0292282,126.4390343,119.2624943,121.1415855,414192600
6/26/2024,126.3390884,128.0582532,122.5409166,126.0692143,362975900
6/27/2024,123.9302521,126.3490918,122.860768,124.0401997,252571700
6/28/2024,123.4804611,127.6484496,122.6908409,124.5199608,315516700
7/1/2024,124.2400894,124.7798224,118.7727248,123.4104877,284885500
7/2/2024,122.6108704,123.3505192,120.9716615,121.0716117,218374000
7/3/2024,128.2181702,128.2181702,121.3015073,121.6013658,215749000
7/5/2024,125.7693634,128.7879123,125.6194342,127.3186119,214176700
7/8/2024,128.1381989,130.7069673,126.978762,127.428542,237677300
7/9/2024,131.3166962,133.7555228,128.5880007,130.2871937,285366600
7/10/2024,134.844986,135.0348968,132.3561805,133.9654052,248978600
7/11/2024,127.3385925,136.0843673,126.9887628,135.6845662,374782700
7/12/2024,129.1777191,131.8564202,127.1586884,128.1981804,252680500
7/15/2024,128.3781128,131.3266883,127.1187178,130.4970864,208326200
7/16/2024,126.2991028,128.9778039,124.5199619,128.3781022,214769500
7/17/2024,117.933136,121.7912764,116.6637514,121.2915173,390086200
7/18/2024,121.0316315,122.3410052,116.5038161,121.7912673,320979500
7/19/2024,117.8731689,121.5413985,117.3134413,120.2920009,217223800
7/22/2024,123.4804611,124.0102045,119.8022344,120.2919961,258068900
7/23/2024,122.5309219,124.6299161,122.0411602,122.7208328,173911000
7/24/2024,114.1949463,119.8921966,113.385339,119.1125737,327776900
7/25/2024,112.2258911,116.5737933,106.2487771,112.985527,460067000
7/26/2024,113.0055008,116.1439867,111.5262184,116.133997,293399100
7/29/2024,111.5362167,116.2239589,111.2463632,113.6352108,248152100
7/30/2024,103.6800003,111.9360131,102.4905715,111.4662384,486833300
7/31/2024,116.9635925,118.282956,110.8265526,112.8455833,473174200
8/1/2024,109.1573639,120.102091,106.7585191,117.4733537,523462300
8/2/2024,107.2182999,108.6676056,101.3211494,103.7099969,482027500
8/5/2024,100.4015884,103.3601687,90.64629744,92.01563233,552842400
8/6/2024,104.1997757,107.6581079,100.5015613,103.7899696,409012100
8/7/2024,98.86234283,108.7475766,98.64244762,107.7580482,411440400
8/8/2024,104.9194183,105.4491617,97.47300376,101.9508483,391910000
8/9/2024,104.6995163,106.5486232,103.3801528,105.5890868,290844200
8/12/2024,108.967453,111.016468,106.2087887,106.2687574,325559900
8/13/2024,116.0840225,116.1739831,111.5262228,112.3858089,312646700
8/14/2024,118.0231094,118.5428555,114.0150394,118.4728896,339246400
8/15/2024,122.8007889,123.180603,117.4133872,118.7027664,318086700
8/16/2024,124.5199585,124.9397542,121.1215957,121.8812315,302589900
8/19/2024,129.9373627,129.9373627,123.3605313,124.2201175,318333600
8/20/2024,127.1886826,129.8174201,125.8293373,128.3381223,300087400
8/21/2024,128.4380646,129.287661,126.5989551,127.258633,257883600
8/22/2024,123.6803589,130.6869824,123.040668,129.9573385,376189100
8/23/2024,129.3076477,129.5375478,125.1596538,125.7993448,323230300
8/26/2024,126.3990555,131.1967377,124.3100664,129.5075649,331964700
8/27/2024,128.2381744,129.1377346,123.8202987,124.9897406,303134600
8/28/2024,125.549469,128.2681594,122.580899,128.0582539,448101100
8/29/2024,117.5333252,124.3700327,116.653752,121.3015126,453023300
8/30/2024,119.3124695,121.6913196,117.1635042,119.4723884,333751600
9/3/2024,107.9479523,116.1539948,107.2382954,115.9540942,477155100
9/4/2024,106.1588211,113.2154168,104.0698318,105.3592112,372470300
9/5/2024,107.1583405,109.5971672,104.709524,104.9394089,306850700
9/6/2024,102.7804413,108.0978769,100.9013425,107.9879293,413638100
9/9/2024,106.4186859,106.4986492,103.640027,104.8294483,273912000
9/10/2024,108.0478973,109.3472738,104.899414,107.7580362,268283700
9/11/2024,116.8536606,117.1335244,107.3682287,109.3372805,441422400
9/12/2024,119.0927658,120.7421132,115.3342543,116.7936746,366052700
9/13/2024,119.0527725,119.9124321,117.5533673,119.0327838,238358300
9/16/2024,116.733696,118.1331424,114.3146573,116.7436942,248772300
9/17/2024,115.5441742,118.7529084,114.784481,118.1231533,231925900
9/18/2024,113.325058,117.6533356,113.1751159,115.8440556,310318900
9/19/2024,117.8232803,119.6125717,117.2035234,117.3034822,293506400
9/20/2024,115.9540176,118.5729818,115.3442588,117.013595,382462400
9/23/2024,116.213913,116.9436193,114.8144664,116.5037989,206228500
9/24/2024,120.8220825,121.7517141,115.3342536,116.473801,354966800
9/25/2024,123.4610367,124.8904701,121.5617884,121.9716219,284692900
9/26/2024,123.9908218,127.6193799,121.7517121,126.7497297,302582900
9/27/2024,121.3518753,123.98083,119.2127243,123.9208562,271009200
9/30/2024,121.3918533,121.4518271,118.1031569,118.2630894,226553700
10/1/2024,116.9536057,122.391451,115.7440864,121.7217108,302094500
10/2/2024,118.802887,119.3326757,115.0943585,116.3938462,221845900
10/3/2024,122.8013,124.3107036,120.2922929,120.8720648,277118000
10/4/2024,124.8704758,124.9904309,121.7817044,124.8904721,243678100
10/7/2024,127.6693726,130.5882132,124.9004663,124.9404514,346250200
10/8/2024,132.8373108,133.4270732,129.3686854,130.2083487,285722500
10/9/2024,132.5974274,134.4666967,131.3279416,134.0568555,246191600
10/10/2024,134.7565613,134.9464884,130.9480739,131.8577169,242311300
10/11/2024,134.7465668,135.726174,133.6070193,133.9568714,170209500
10/14/2024,138.015274,139.5446663,136.2459714,136.4159022,232347700
10/15/2024,131.5478363,138.5150744,128.6889695,137.8153397,377831000
10/16/2024,135.6661987,136.5658358,131.5278405,133.926883,264879700
10/17/2024,136.8757172,140.8341542,136.8157434,139.2847656,306435900
10/18/2024,137.9452972,138.8449344,137.2255814,138.6150298,176090200
10/21/2024,143.6530304,143.6530304,137.9452875,138.0752409,264554500
10/22/2024,143.5330811,144.3627539,141.7238009,142.8533579,226311600
10/23/2024,139.5046692,142.3735265,137.4055109,141.9736912,285930000
10/24/2024,140.3543396,141.2939694,138.4051157,140.7641807,172354900
10/25/2024,141.4838867,144.0728716,140.7441898,140.8741279,205122100
10/28/2024,140.4643097,143.0832664,139.9944948,142.9433225,173586700
10/29/2024,141.1940002,142.2035943,138.8449258,140.2343741,157593600
10/30/2024,139.2847595,140.2743726,136.7557637,139.4846772,179418100
10/31/2024,132.7073669,137.5554504,132.0576307,137.5454599,270039600
11/1/2024,135.3463287,137.2555754,134.5166711,134.6466092,207127800
11/4/2024,135.9960785,138.9049287,135.516273,137.1556224,187528200
11/5/2024,139.8545532,140.3143624,137.2755739,137.3955215,160537400
11/6/2024,145.5522919,146.431948,141.9037446,142.9033482,242043900
11/7/2024,148.8209991,148.8709671,146.1120665,146.3319805,207323300
11/8/2024,147.5714569,149.7106076,146.2019899,148.7110042,175665800
11/11/2024,145.2024078,148.7909962,143.5130906,148.6210502,182325600
11/12/2024,148.2311859,149.5906472,145.9520913,146.7217902,198634700
11/13/2024,146.2120056,149.2707898,145.842142,149.0108984,191903300
11/14/2024,146.701828,148.9409457,145.4923161,147.5814841,194463300
11/15/2024,141.9237061,145.1824234,140.0244654,144.8125597,250132900
11/18/2024,140.0944214,141.4938754,137.095611,139.4446852,221205300
11/19/2024,146.9517212,147.071684,140.9341184,141.2639895,227834900
11/20/2024,145.8321686,147.5015048,142.6734175,147.3515703,309871700
11/21/2024,146.6118622,152.829398,140.6442273,149.2908078,400946600
11/22/2024,141.8937225,147.1016638,141.0440687,145.8721404,236406200
11/25/2024,135.9660797,141.9936879,135.7661621,141.9337142,344941900
11/26/2024,136.8657227,139.2447841,135.6162182,137.6454122,190287700
11/27/2024,135.2863312,137.1655906,131.7477416,134.9564602,226370900
11/29/2024,138.1952057,139.2947758,135.9960807,136.7257871,141863200
12/2/2024,138.5750427,140.3943132,137.7653663,138.7749604,171682800
12/3/2024,140.2044067,140.4842945,137.8953247,138.2051994,164414000
12/4/2024,145.0824738,145.73221,140.2343899,141.9437189,231224300
12/5/2024,145.0124969,146.492008,143.9028598,145.0624836,172621200
12/6/2024,142.3933563,145.6522833,141.2637215,144.5526526,188505600
12/9/2024,138.7645264,139.9041523,137.085084,138.9244776,189308600
12/10/2024,135.0257568,141.7735455,133.7461621,138.9644532,210020900
12/11/2024,139.2643585,140.1240774,135.1657109,137.3150004,184905200
12/12/2024,137.2949982,138.3946439,135.7555094,137.0350888,159211400
12/13/2024,134.2060242,139.5542778,132.4965776,138.8944903,231514900
12/16/2024,131.9567566,134.3559642,130.3772724,134.1360351,237951100
12/17/2024,130.34729,131.5468939,126.8184475,129.0477128,259410300
12/18/2024,128.8677979,136.6552407,128.2379992,133.8161741,277444500
12/19/2024,130.6371765,133.986085,129.5075571,131.7168245,209719200
12/20/2024,134.6558685,135.2356803,128.1779957,129.7674711,306528600
12/23/2024,139.6242676,139.7442234,135.0757543,136.2353781,176053500
12/24/2024,140.1740875,141.8535301,138.6045943,139.9541583,105157000
12/26/2024,139.8841705,140.8038827,137.684894,139.6542501,116205600
12/27/2024,136.9651184,138.9744698,134.665884,138.5046225,170582600
12/30/2024,137.4449463,140.224034,133.9760823,134.7858144,167734700
12/31/2024,134.2460175,138.0247937,133.7861766,137.9847982,155659200
1/2/2025,138.2646942,138.8345148,134.5859069,135.9554533,198247200
1/3/2025,144.4226837,144.8525356,139.6842307,139.9641378,229322500
1/6/2025,149.3810425,152.1101592,147.7715845,148.5413213,265377400
1/7/2025,140.0940857,153.0798353,139.9641234,152.979862,351782200
1/8/2025,140.0641174,143.9028562,137.5149495,142.5333098,227349900
1/10/2025,135.8654938,139.874175,134.1760448,137.4049827,207602500
1/13/2025,133.1863708,133.4462955,129.4675877,129.9474415,204808900
1/14/2025,131.7168427,136.33534,130.0074112,136.0054462,195590500
1/15/2025,136.1953888,136.4053115,131.2469976,133.6062254,185217300
1/16/2025,133.5262451,138.7045406,133.4462695,138.5945761,209235600
1/17/2025,137.6649017,138.4546363,135.4156387,136.6452315,201188800
1/21/2025,140.7838745,141.783547,137.045094,139.1144233,197749000
1/22/2025,147.0218506,147.7416008,143.6229547,144.6126361,237651400
1/23/2025,147.1717834,147.1817747,143.6729298,145.002496,155915500
1/24/2025,142.5732727,148.9211985,141.8335249,148.321389,234657600
1/27/2025,118.3812103,128.3579372,116.6617725,124.7591255,818830900
1/28/2025,128.9477539,128.9577451,116.2119215,121.7700978,579666400
1/29/2025,123.6594849,126.8484426,120.0106863,126.4585709,467120600
1/30/2025,124.6091766,124.9590605,118.0613188,123.0596812,392925500
1/31/2025,120.0306702,127.8081206,119.1509612,123.739454,388161100
2/3/2025,116.6217957,118.5311661,112.9729896,114.7124175,371235700
2/4/2025,118.6111298,121.1602898,116.661764,116.921681,256550000
2/5/2025,124.7891083,124.9590508,120.7204419,121.7201143,262230800
2/6/2025,128.6378479,128.72783,125.1689908,127.3782661,251483600
2/7/2025,129.7974548,130.32728,124.9590443,129.1776629,228186300
2/10/2025,133.5262451,134.9557693,129.9174273,130.0473743,216989100
2/11/2025,132.7565155,134.435958,130.9770996,132.5365863,178902400
2/12/2025,131.0970459,132.1966917,129.0377231,129.9774176,160278600
2/13/2025,135.2456818,136.4552922,131.1270361,131.5169077,197430000
2/14/2025,138.8045349,139.2043978,135.4556259,136.4353007,195479600
2/18/2025,139.3543549,143.3930407,137.8848349,141.223753,219176600
2/19/2025,139.1844025,141.3137098,137.1750662,139.4643096,167536000
2/20/2025,140.0641174,140.6139404,136.7451973,139.9841418,143903600
2/21/2025,134.3859558,141.4136669,133.9860929,139.9941187,228217600
2/24/2025,130.2373352,138.5446114,130.0374038,136.5152774,251381100
2/25/2025,126.5885239,130.1573543,124.3992463,129.9374252,271428700
2/26/2025,131.2369995,133.686194,128.4479201,129.9474287,322553800
2/27/2025,120.1106491,134.965775,119.9706956,134.9557838,443175800
2/28/2025,124.8790817,125.0490242,116.3618757,117.9813402,389091100
3/3/2025,114.0226364,123.6594782,112.2432207,123.4695456,411381400
3/4/2025,115.9520111,119.2709235,110.0739396,110.6137636,398163300
3/5/2025,117.2615814,118.2412562,114.4724944,117.5414885,284337900
3/6/2025,110.533783,115.3122161,110.1838991,113.4928125,321181900
3/7/2025,112.6530991,113.4428413,107.5247741,111.2135682,341755500
3/10/2025,106.9449615,111.8133615,105.4254552,109.8640033,366487400
3/11/2025,108.7243805,112.2032364,104.7356818,106.9549559,354865700
3/12/2025,115.712738,116.7325021,112.853411,114.0931245,323857500
3/13/2025,115.5527725,117.7322592,113.7631933,117.0024279,299033100
3/14/2025,121.6413345,121.8512841,118.1221671,118.5820579,277593500
3/17/2025,119.5018387,122.8610477,118.0021921,122.7110815,255501500
3/18/2025,115.4028091,118.9919598,114.5130194,117.9722034,299686900
3/19/2025,117.4923096,120.4216196,115.6527467,117.2423685,273426200
3/20/2025,118.5020676,120.1716722,116.4425554,116.5225384,248829700
3/21/2025,117.6722641,117.9621967,115.3928025,116.9124487,266498500
3/24/2025,121.3814011,122.1912078,119.3118814,119.8517551,228452500
3/25/2025,120.6615677,121.2614248,118.8919804,120.5216013,167447200
3/26/2025,113.7332001,118.8119974,112.6834444,118.7020304,293463300
3/27/2025,111.4037476,114.4230327,110.6339323,111.3237646,236902100
3/28/2025,109.6441574,112.843408,109.0443003,111.4637283,229872500
3/31/2025,108.3544617,110.9338556,103.6255804,105.1052274,299212700
4/1/2025,110.124054,110.1740376,106.4449205,108.494433,222614000
4/2/2025,110.3939819,111.9536196,106.7648399,107.2647221,220601200
4/3/2025,101.7760239,105.6051159,101.5760664,103.4856202,338769400
4/4/2025,94.28778076,100.1064094,92.08830207,98.88670323,532273800
4/7/2025,97.61698914,101.7260212,86.59958951,87.43938789,611041300
4/8/2025,96.27731323,105.8250585,94.4377428,103.7855383,476243400
4/9/2025,114.3030701,115.0728853,97.50702445,98.8667047,612918300
4/10/2025,107.5446548,110.8338806,99.12664054,109.3442338,437812400
4/11/2025,110.9038696,111.5237263,107.4546854,108.4744417,313417300
4/14/2025,110.6839218,114.2630804,109.0443087,114.0831225,264705000
4/15/2025,112.1735611,113.5932323,110.4739647,110.9438552,228966900
4/16/2025,104.4653854,106.7648467,100.4263361,104.5253765,397016900
4/17/2025,101.4660873,104.4453886,100.0264318,104.4253891,292517500
4/21/2025,96.88717651,99.41657935,95.01761425,98.74673137,288501100
4/22/2025,98.86669922,99.78648062,97.25707795,98.75672453,241004800
4/23/2025,102.6857986,104.7753102,101.9959588,104.4953697,247526000
4/24/2025,106.4049149,106.5148895,103.0856977,103.4556132,220815000
4/25/2025,110.9838562,111.8936379,105.705101,106.8248323,251064700
4/28/2025,108.7043915,110.3440046,105.9950231,109.6641644,207708500
4/29/2025,108.9943161,110.1740384,107.4146941,107.6446356,170444300
4/30/2025,108.8943329,108.8943329,104.055477,104.4453845,235044600
5/1/2025,111.5837021,114.9129193,111.2737776,113.0533569,236121500
5/2/2025,114.4730301,115.3728196,113.343299,114.1531058,190194800
5/5/2025,113.79319,114.6429883,112.6334672,112.8834083,133163200
5/6/2025,113.5132599,114.7129742,110.7938993,111.4537475,158525600
5/7/2025,117.0324249,117.6522816,112.253552,113.0233749,206758800
5/8/2025,117.3423538,118.6520428,115.8227076,118.2221438,198428100
5/9/2025,116.6225204,118.2021501,115.1828572,117.3223525,132972200
5/12/2025,122.9710312,122.9710312,120.2516706,121.941275,225023300
5/13/2025,129.8993835,131.1890882,124.4406784,124.9505604,330430100
5/14/2025,135.3081055,135.408088,131.6489642,133.1686103,281180800
5/15/2025,134.7982483,136.2679033,132.6287612,134.2583669,226632600
5/16/2025,135.368103,136.3178915,133.4285728,136.1879172,226542500
5/19/2025,135.5380554,135.8379725,132.358797,132.358797,193154600
5/20/2025,134.3483429,134.5482927,132.5887478,134.2583525,161514200
5/21/2025,131.7689514,137.3676229,130.5592298,133.0286491,270608700
5/22/2025,132.7987061,134.2183697,131.5190089,132.1988413,187344000
5/23/2025,131.2590637,132.6487357,129.1295759,129.9693743,198821300
5/27/2025,135.4680634,135.6280293,133.2785771,134.1183754,192953600
5/28/2025,134.778244,137.2176717,134.7582445,135.9979579,304021100
5/29/2025,139.1572113,143.4562013,137.8775141,142.216488,369241900
5/30/2025,135.098175,139.5871077,132.8886889,138.6873258,333170900
6/2/2025,137.347641,138.0874569,135.3680965,135.4580868,197663100
6/3/2025,141.1867218,141.9665368,137.9174881,138.7472944,225578800
6/4/2025,141.8865662,142.3564567,139.5071219,142.1565068,167120800
6/5/2025,139.9570313,143.9660812,138.7973008,142.1365104,231397900
6/6/2025,141.6865997,143.2362375,141.4766425,142.4764068,153986200
6/9/2025,142.596405,144.9658418,141.9065651,143.1562707,185114500
6/10/2025,143.9260864,144.2559952,141.4966511,142.6563814,155881900
6/11/2025,142.8062592,144.9659038,141.846412,144.585962,167694000
6/12/2025,144.9759064,144.9759064,141.8264359,141.9464111,162365000
6/13/2025,141.9463959,143.5561288,140.826587,142.4563056,180820600
6/16/2025,144.6659546,146.1556972,143.1761967,143.326181,183133700
6/17/2025,144.0960388,145.1958621,143.756099,144.4659877,139108000
6/18/2025,145.4558105,145.6257805,143.0962023,143.9860537,161494100
6/20/2025,143.8260956,146.1756958,142.6262828,145.4258205,242956200
6/23/2025,144.1460419,144.7559411,142.0063981,142.4763212,154308900
6/24/2025,147.8753967,147.9353996,145.475802,145.5357896,187566100
6/25/2025,154.2843628,154.4243389,149.2351987,149.2452068,269146500
6/26/2025,154.9942322,156.6939465,153.9743975,155.954064,198145700
6/27/2025,157.7238007,158.6836479,155.2342087,156.0140779,263234500
6/30/2025,157.9637604,158.6336472,155.9340988,158.3736807,194580300
7/1/2025,153.2745361,157.1738821,151.4648393,156.2640297,213143600
7/2/2025,157.2238617,157.5738096,152.9445743,152.9545672,171224100
7/3/2025,159.3135223,160.9532492,157.7437911,158.3436823,143716100
7/7/2025,158.2137146,159.2835289,157.313855,158.1737127,140139000
7/8/2025,159.9734192,160.1933839,158.363686,159.3035323,138133000
7/9/2025,162.8529358,164.3926731,161.1332204,161.193208,183656400
7/10/2025,164.0727386,164.4726661,161.5831469,164.2927033,167704100
7/11/2025,164.8925934,167.8621011,163.4428374,163.6927958,193633300
7/14/2025,164.0427399,165.462502,161.9930775,165.3425116,136975800
7/15/2025,170.6716309,172.3713453,169.1718801,171.1615549,230627400
7/16/2025,171.3415222,171.721464,168.8719314,171.0315762,158831500
7/17/2025,172.9712524,174.1310633,170.8016149,171.9914196,160841100
7/18/2025,172.3813629,174.2210536,171.2315448,173.6111543,146456400
7/21/2025,171.351532,173.3511997,170.9715902,172.7212995,123126100
7/22/2025,167.0022583,171.3615348,164.5526683,171.3115401,193114300
7/23/2025,170.7516174,171.2315334,167.9420869,169.5018252,154082200
7/24/2025,173.7111359,173.8011172,171.2715389,172.4113488,128984600
7/25/2025,173.4711761,174.6909747,172.9312726,173.5811585,122316800
7/28/2025,176.7206268,176.9705853,173.94109,173.9910848,140023500
7/29/2025,175.480835,179.3502024,174.9909261,177.9304401,154077500
7/30/2025,179.2402191,179.8601112,176.0107448,176.4806679,174312200
7/31/2025,177.8404388,183.2695445,175.9007588,182.8696018,221685400
8/1/2025,173.6911316,176.510655,170.8616001,174.0610652,204529000
8/4/2025,179.9700928,180.1700565,174.4910076,175.1309006,148174600
8/5/2025,178.2303772,180.2300449,175.8707687,179.5901518,156407600
8/6/2025,179.3901825,179.8700985,176.2207111,176.3006996,137192300
8/7/2025,180.739975,183.849459,178.770301,181.5398451,151878400
8/8/2025,182.6696472,183.2695536,180.3700262,181.5198444,123396700
8/11/2025,182.0297394,183.8094423,180.2200426,182.0197465,138323200
8/12/2025,183.1295624,184.4493351,179.4301804,182.9295987,145485700
8/13/2025,181.5598297,183.9394392,179.3202116,182.5896574,179871700
8/14/2025,181.9897461,182.9895799,179.4301741,179.7201192,129554000
8/15/2025,180.4200134,181.8697694,178.0104102,181.8497838,156602200
8/18/2025,181.9797363,182.9095897,180.5599742,180.5699823,132008000
8/19/2025,175.6108093,182.4696699,175.4608404,182.3996742,185229200
8/20/2025,175.3708496,175.970756,168.7719554,175.1408921,215142700
8/21/2025,174.9509125,176.8705915,173.7811088,174.8209445,140040900
8/22/2025,177.960434,178.5603251,171.1715535,172.5813229,172789400
8/25/2025,179.7801208,181.879778,176.540669,178.320372,163012800
8/26/2025,181.7397919,182.3596839,178.7802771,180.0300694,168688200
8/27/2025,181.5698395,182.459691,179.0702548,181.949766,235518900
8/28/2025,180.1400604,184.439349,176.3806907,180.7899616,281787800
8/29/2025,174.1510468,178.1203882,173.1212191,178.0804016,243257900
9/2/2025,170.7516174,172.3513576,167.1922115,169.9717483,231164900
9/3/2025,170.5916595,172.3813708,168.8519583,171.0315889,164424900
9/4/2025,171.631485,171.8314487,169.3818588,170.5416697,141670100
9/5/2025,166.9922638,169.0019245,164.0427568,168.0020906,224441400
9/8/2025,168.2820282,170.931597,167.3221963,167.52216,163769100
9/9/2025,170.7316132,170.9515778,166.7122923,169.0618926,157548400
9/10/2025,177.3005371,179.2602029,175.4408456,176.6106493,226852000
9/11/2025,177.1505585,180.2602178,176.4606317,179.6602776,151159300
9/12/2025,177.8004761,178.5803892,176.4306162,177.7504785,124911000
9/15/2025,177.7304993,178.8303847,174.4908492,175.6507256,147061600
9/16/2025,174.8608093,177.4805169,174.3608642,176.9805717,140737800
9/17/2025,170.2713013,173.1809855,168.391518,172.6210494,211843800
9/18/2025,176.2206573,177.0805635,172.9410187,173.9608957,191763300
9/19/2025,176.650589,178.0604377,175.1607472,175.750694,237182100
9/22/2025,183.5898438,184.529743,174.6908269,175.2807585,269637000
9/23/2025,178.4104004,182.3999678,176.1906582,181.9500202,192559600
9/24/2025,176.9505615,179.7602504,175.3807267,179.750257,143564100
9/25/2025,177.6705017,180.2402117,173.1110046,174.4608473,191586700
9/26/2025,178.1704407,179.7502691,174.9107888,178.1504386,148573700
9/29/2025,181.8300476,183.9798055,180.3002167,180.41019,193063500
9/30/2025,186.5595093,187.329429,181.4600633,182.0600035,236981000
10/1/2025,187.2194519,188.119347,183.8798069,185.2196714,173844900
10/2/2025,188.8692627,191.0290292,188.039352,189.5791915,136805800
10/3/2025,187.599411,190.3391159,185.3596665,189.1692461,137596900
10/6/2025,185.5196228,187.2094397,183.309874,185.4796339,157678100
10/7/2025,185.0196838,189.0392469,183.9798047,186.2095557,140088000
10/8/2025,189.0892334,189.5791851,186.5195083,186.549519,130168900
10/9/2025,192.5488586,195.2785546,191.0390147,192.2088844,182997200
10/10/2025,183.1398926,195.5985159,182.0300138,193.488747,268774400
10/13/2025,188.2993317,190.0891284,185.9395902,187.949364,153482800
10/14/2025,180.0102234,184.7797037,179.6802578,184.7497082,205641400
10/15/2025,179.810257,184.8496969,177.2705273,184.7797125,214450500
10/16/2025,181.7900391,183.2598789,179.7502697,182.2099911,179723300
10/17/2025,183.1998901,184.0797984,179.7302698,180.1602153,173135200
10/20/2025,182.6199493,185.1796659,181.7100456,183.109901,128544700
10/21/2025,181.1401062,182.7699168,179.780255,182.7699168,124240200
10/22/2025,180.2602081,183.4198649,176.7405903,181.1201143,162249600
10/23/2025,182.1399994,183.009899,179.7702493,180.400185,111363700
10/24/2025,186.2395325,187.4494063,183.4798412,183.8198002,131296700
10/27/2025,191.4689789,191.9789174,188.4093021,189.9691436,153452700
10/28/2025,201.0079346,203.127697,191.8889404,193.0288147,297986200
10/29/2025,207.0172729,212.1667169,204.7575265,207.9571722,308829600
10/30/2025,202.8677216,206.1373668,201.3878883,205.1274679,178864400
10/31/2025,202.4677734,207.9471675,202.0478214,206.4273301,179802200
11/3/2025,206.8572845,211.3167862,205.5374222,208.0571497,180267300
11/4/2025,198.6681824,203.9476013,197.9082561,202.9777066,188919300
11/5/2025,195.1885834,202.8977287,194.628632,198.7481902,171350300
11/6/2025,188.0593567,197.5983028,186.3595463,196.3984376,223029800
11/7/2025,188.1293488,188.2993435,178.8903724,184.8797054,264942300
11/10/2025,199.0281525,199.9180542,193.7687201,195.0885825,198897100
11/11/2025,193.1387939,195.3985403,191.2789976,195.1385743,176483300
11/12/2025,193.7787323,195.8684992,191.1090272,195.6985197,154935300
11/13/2025,186.8394775,191.4189763,183.8298136,191.0290198,207423100
11/14/2025,190.1491089,190.989013,180.560166,182.8399143,186591900
11/17/2025,186.5795135,188.9792439,184.2997652,185.9495779,173628900
11/18/2025,181.3400879,184.7797126,179.6302689,183.3598704,213598900
11/19/2025,186.499527,187.8393762,182.8099296,184.7697059,247246400
11/20/2025,180.620163,195.9784769,179.8302564,195.9284793,343504800
11/21/2025,178.8603668,184.5397359,172.9110078,181.2201083,346926200
11/24/2025,182.5299683,183.4798609,176.4606271,179.4703065,256618300
11/25/2025,177.8004761,178.1404351,169.5313802,174.890792,320600300
11/26/2025,180.2402039,182.8899221,178.2204366,181.6100638,183852000
11/28/2025,176.9805603,179.2703021,176.4806152,178.9903341,121332800
12/1/2025,179.9002533,180.2802165,173.6609326,174.7408159,188131000
12/2/2025,181.4400787,185.6396144,179.9802324,181.7400336,182632200
12/3/2025,179.570282,182.4299686,179.0903389,181.0601239,165138000
12/4/2025,183.3700867,184.5100244,179.9502735,181.6101721,167364900
12/5/2025,182.4001312,184.6500095,180.9002124,183.8800469,143971100
12/8/2025,185.5399628,187.9898271,182.3901241,182.6301166,204378100
12/9/2025,184.9599915,185.7099509,183.3100868,185.5499559,144719700
12/10/2025,183.77005,185.469955,182.0301387,184.9599881,162785400
12/11/2025,180.9201965,181.3101901,176.6104323,180.2702378,182136600
12/12/2025,175.0105286,182.8101093,174.6105411,181.1001952,204274900
12/15/2025,176.2804565,178.4103462,175.0205302,177.9303764,164775600
12/16/2025,177.7103882,178.4803508,174.8905334,176.2504604,148588100
12/17/2025,170.9307556,176.1204773,170.3007848,176.0904802,222775500
12/18/2025,174.1305695,176.1404551,171.810703,174.5205477,176096000
12/19/2025,180.9802094,181.4401759,176.3304519,176.6604358,324925900
12/22/2025,183.6800537,184.1500295,182.3401299,183.910037,129064400
12/23/2025,189.1997681,189.3197567,182.8900967,182.9601002,174873600
12/24/2025,188.5997925,188.8997793,186.5798975,187.9298306,65528500
12/26/2025,190.5196838,192.6795706,187.989822,189.9097163,139740300
12/29/2025,188.2098083,188.7497724,185.8999359,187.6998415,120006100
12/30/2025,187.5298462,188.9797799,186.9198786,188.2298205,97687300
12/31/2025,186.4899139,190.5496919,186.47992,189.5597552,120100500
1/2/2026,188.8397827,192.9195484,188.2498031,189.8297194,148240500
1/5/2026,188.1098175,193.6195292,186.1399229,191.74962,183529700
1/6/2026,187.2298737,192.1595996,186.8098982,190.509695,176862600
1/7/2026,189.099762,191.3596341,186.549897,188.5597979,153543200
1/8/2026,185.0299835,189.5397493,183.7000689,189.0997707,172457000
1/9/2026,184.8499908,186.3299064,183.6600528,185.0699802,131327500
1/12/2026,184.9299927,187.1098674,183.0100984,183.2100845,137968500
1/13/2026,185.799942,188.0998206,183.3900688,184.9899883,160128900
1/14/2026,183.1300812,184.450017,180.7902116,184.3100252,159586100
1/15/2026,187.0398865,189.689737,186.3199242,186.4899132,206188600
1/16/2026,186.2199097,190.4296884,186.0699239,189.0697614,187967200
1/20/2026,178.0603638,182.3701279,177.600382,181.8901429,223345300
1/21/2026,183.3100891,185.3699752,178.3903419,179.0403159,200381000
1/22/2026,184.8299866,186.1599164,183.9200322,184.7399951,139636600
1/23/2026,187.6598358,189.5897392,186.809891,187.4898469,142748100
1/26/2026,186.4599152,189.1097657,185.9799454,187.1498803,124799600
1/27/2026,188.5097961,189.9897117,185.6899415,187.2298667,143711600
1/28/2026,191.5096436,192.3396005,189.8297265,191.2596571,148552700
1/29/2026,192.4995728,193.4695215,186.049925,191.3296379,171764400
1/30/2026,191.1196594,194.4794782,189.4597456,191.1996569,179489500
2/2/2026,185.5999603,190.2897091,184.8700041,187.1898707,165794100
2/3/2026,180.3302307,186.2599175,176.2204527,186.2299204,204019600
2/4/2026,174.1805725,179.5702801,171.9006972,179.4502915,207014100
2/5/2026,171.870697,176.8104319,171.0207369,174.9205196,206312900
2/6/2026,185.3999634,186.9898736,174.5905512,176.6804344,231346200
2/9/2026,190.0297089,193.6495233,183.9400421,184.2500229,196387400
2/10/2026,188.5297852,192.4695743,188.1098097,191.369643,136764800
2/11/2026,190.0397186,193.2495364,188.7597891,192.4395827,144192700
2/12/2026,186.9298859,193.5995231,186.4999012,193.0195526,189932500
2/13/2026,182.8001099,187.4898586,181.5801746,187.4698554,161888000
2/17/2026,184.9599915,187.1398662,179.1702962,181.7401645,162276900
2/18/2026,187.9698181,190.3596881,186.7498829,188.7397807,164749100
2/19/2026,187.8898315,188.4198017,185.6499625,187.0498806,126554500
2/20/2026,189.8097382,190.3197051,185.9299432,186.559914,178422300
2/23/2026,191.5396423,193.9395064,189.5697477,191.3896413,171584800
2/24/2026,192.8395691,193.7595175,187.3898518,191.4796421,175123600
2/25/2026,195.549408,197.6193032,193.7794995,194.4394675,250637100
2/26/2026,184.8799896,194.2794746,184.3100284,194.2594867,360807900
2/27/2026,177.1804199,182.5801218,176.3704662,181.2401979,311636500
3/2/2026,182.4701233,183.4500813,174.6305511,175.0005262,209095300
3/3/2026,180.0402527,180.8901975,176.9104173,178.4803396,178099400
3/4/2026,183.0300903,184.6900042,180.0502558,180.4302402,177731200
3/5/2026,183.3300781,184.0500404,177.870382,181.1601973,198779700
3/6/2026,177.810379,182.7500987,176.8104332,179.8302587,189021900
3/9/2026,182.6401062,182.9001019,175.5504937,176.8204292,177213600
3/10/2026,184.7600098,186.4299176,182.0001493,182.3901276,179118500
3/11/2026,186.0299988,187.6199951,184.4499969,185.9100037,145280400
3/12/2026,183.1399994,184.9400024,181.75,184.0500031,155762700
3/13/2026,180.25,186.0899963,179.9400024,184.9199982,160988400
3/16/2026,183.2200012,188.8800049,181.4100037,182.9700012,217307400
3/17/2026,181.9299927,185.3999939,181.6799927,185.0599976,182497800
3/18/2026,180.3999939,183.3800049,180.3300018,182.4799957,156683100
3/19/2026,178.5599976,179.9799957,175.7899933,178.0099945,170968500
3/20/2026,172.6999969,178.2599945,171.7200012,178,241323500
3/23/2026,175.6399994,178.3699951,174.7599945,177.2599945,182836300
3/24/2026,175.1999969,176.2200012,173.9799957,174.8300018,147667800
3/25/2026,178.6799927,181.2200012,176.8500061,177.1000061,162602100
3/26/2026,171.2400055,176.5099945,171.1399994,176.0700073,186152200
3/27/2026,167.5200043,170.9700012,167.0099945,170,196212700
3/30/2026,165.1699982,169.4499969,164.2700043,168.7799988,185627000
3/31/2026,174.3999939,174.6199951,166.9600067,166.9700012,226181300
4/1/2026,175.75,177.3699951,174.75,176,168132000
4/2/2026,177.3899994,177.4900055,171.3699951,172.1799927,143143200
4/6/2026,177.6399994,177.7899933,175.7599945,177.1600037,107564300
4/7/2026,178.1000061,178.2299957,173.6600037,175.7299957,132534900
4/8/2026,182.0800018,185.2599945,180.3000031,184.5,147732700
4/9/2026,183.9100037,184.0800018,180.6199951,181.8399963,116428500
4/10/2026,188.6300049,190,184.3000031,184.3099976,160459500
4/13/2026,189.3099976,189.6600037,185.7400055,186.0299988,133648200
4/14/2026,196.5099945,196.5099945,190.7700043,190.8399963,161307000
4/15/2026,198.8699951,200.3999939,195.7400055,196.5399933,185338400
4/16/2026,198.3500061,199.8500061,195.8099976,197.4299927,134012900
4/17/2026,201.6799927,201.6999969,199.2700043,199.8999939,160324400
4/20/2026,202.0599976,202.1699982,197.8399963,199.9799957,119381400
4/21/2026,199.8800049,202.75,199,202.1300049,107945300
4/22/2026,202.5,202.5,199,200.9900055,107501000
4/23/2026,199.6399994,203.8300018,197.2200012,202.4600067,113561800
4/24/2026,208.2700043,210.9499969,199.8099976,199.9600067,214134400
4/27/2026,216.6100006,216.8300018,207.3800049,209.6499939,187172400
4/28/2026,213.1699982,214.7299957,208.1999969,209.4900055,180275400
4/29/2026,209.25,212.7200012,207.5800018,212.6999969,123711800
