Date,Open,High,Low,Close,Volume
1/4/2021,13.08086535,13.62822642,12.93925028,13.0899731,561115573.3
1/5/2021,13.07620249,13.41955831,13.06336474,13.38077867,323033000.3
1/6/2021,13.19883482,13.22114673,12.56344148,12.59174752,580914431.3
1/7/2021,12.94424488,13.35380423,12.86332226,13.32031954,461871436.3
1/8/2021,13.33863549,13.39691287,13.01877406,13.25293367,292775874.7
1/11/2021,13.39476519,13.9361321,13.33863557,13.59728875,519239636
1/12/2021,13.72813116,13.73012952,13.32098628,13.46066965,291723734.3
1/13/2021,13.46581333,13.60061811,13.36094686,13.50755687,210205971.3
1/14/2021,13.55066615,13.57549249,13.15687542,13.17670648,283359705.7
1/15/2021,13.20449728,13.30152129,12.82535903,12.83634844,278015856.7
1/19/2021,12.99298227,13.07069159,12.82102978,13.00197395,226378611.7
1/20/2021,13.08819143,13.40657121,13.03327738,13.34181633,258789999.7
1/21/2021,13.39461464,13.97421145,13.22947243,13.84295361,338439296
1/22/2021,13.71550838,13.81716156,13.60279913,13.68816787,247027853.3
1/25/2021,13.75728667,13.80402549,13.21282282,13.62907576,251323884.7
1/26/2021,13.55629429,13.62044974,13.36361156,13.41108289,164118995
1/27/2021,13.20649519,13.20897604,12.77062758,12.89447629,371586660.7
1/28/2021,12.97303392,13.31584002,12.93725119,13.02743159,228509125.3
1/29/2021,13.05170987,13.31084586,12.88829903,12.96637446,271781757.7
2/1/2021,13.02998045,13.24697314,12.8794904,13.21315543,217387965
2/2/2021,13.3747847,13.54766939,13.26174236,13.53253417,220625342.3
2/3/2021,13.61160825,13.90701001,13.49238903,13.50637567,245616475
2/4/2021,13.50670902,13.64920657,13.31387656,13.64006549,201509313.3
2/5/2021,13.70048981,13.71266146,13.52154369,13.56665056,169296198
2/8/2021,13.70263845,14.44782724,13.70263845,14.41289397,434990896.7
2/9/2021,14.31495352,14.55705591,14.19704955,14.23746089,287803353.3
2/10/2021,14.43716982,14.87813213,14.3154692,14.73744959,485762844.3
2/11/2021,14.95321193,15.24473368,14.89808117,15.22345397,451209170.3
2/12/2021,15.0228619,15.26328207,14.74825703,14.93422982,375074036
2/16/2021,15.03703092,15.34438738,14.92305638,15.30231076,322232055
2/17/2021,15.14371191,15.19596213,14.75325118,14.87913126,275617693
2/18/2021,14.70229964,14.84631217,14.54887961,14.80220449,234207899.7
2/19/2021,14.99725175,15.1497065,14.82000456,14.89941193,271953960.3
2/22/2021,14.74810612,15.10593137,14.29918465,14.33000545,326160737
2/23/2021,14.05037268,14.21321716,13.36560937,14.11679259,391781756
2/24/2021,14.09766095,14.48079503,13.73146014,14.47295224,448698694.3
2/25/2021,14.02018469,14.34898777,13.19269163,13.28372118,825133484.3
2/26/2021,13.7281307,13.83000026,13.33697052,13.69016718,501354712.3
3/1/2021,13.85028091,13.90016667,13.52917089,13.81716264,353482128.3
3/2/2021,13.87522291,13.89583677,13.37226987,13.38211014,264338187
3/3/2021,13.40242497,13.42755074,12.77562264,12.78161709,377910290
3/4/2021,12.77762094,12.95190512,12.06233737,12.34786441,573829833
3/5/2021,12.5275098,12.5275098,11.6582226,12.43892745,543298453.7
3/8/2021,12.42760488,12.44876789,11.54557993,11.57240464,543571223
3/9/2021,12.1112845,12.59704339,12.04044397,12.50049112,522206335.7
3/10/2021,12.82017289,12.95968921,12.43802737,12.44853497,384657233.7
3/11/2021,12.92974765,13.02578384,12.71432829,12.97334452,300133998
3/12/2021,12.6283173,12.86864924,12.57021628,12.83582664,244142236.7
3/15/2021,12.84466891,13.18621564,12.74705067,13.17056194,222505554.3
3/16/2021,13.33550661,13.49127592,13.09629089,13.27044481,272327912
3/17/2021,13.01945579,13.43227588,12.96934788,13.3203699,244042323.7
3/18/2021,13.11575775,13.1633845,12.69704253,12.7023712,294305680.3
3/19/2021,12.72998215,12.9014385,12.59253077,12.82568519,299425932.3
3/22/2021,12.89262936,13.37347551,12.88663422,13.16556667,298020990
3/23/2021,13.23347615,13.32351719,13.0008048,13.05039681,222208968
3/24/2021,13.13056204,13.13852213,12.61699332,12.62313789,246018646.3
3/25/2021,12.47999231,12.69489527,12.25264963,12.51547883,295360033.3
3/26/2021,12.53457852,12.83600903,12.35409696,12.81902321,364234594
3/29/2021,12.80003892,13.04191937,12.68005645,12.92793173,273719777.3
3/30/2021,12.82183824,12.95487665,12.68505302,12.85166327,200349270
3/31/2021,12.99532593,13.4497446,12.96202025,13.32736385,315007017.3
4/1/2021,13.55107609,13.84854307,13.49012693,13.79050873,308500320
4/5/2021,13.84621175,13.99225552,13.7117243,13.96594448,255858415
4/6/2021,13.97808382,14.03227136,13.75239021,13.84021624,191885413.3
4/7/2021,13.85935022,14.22099623,13.69040888,14.12174689,251467851
4/8/2021,14.23047247,14.44897248,14.22659201,14.29453529,244593874.3
4/9/2021,14.19168831,14.38542582,14.15305447,14.3774324,195313861.7
4/12/2021,14.26740818,15.32783419,14.11726754,15.18505434,869957875.7
4/13/2021,15.20770165,15.6750424,15.10200691,15.65439285,676706063
4/14/2021,15.60017259,15.69535923,15.20370569,15.2525977,385782964
4/15/2021,15.63743907,16.18856,15.60679834,16.11165799,598917798.3
4/16/2021,16.02758052,16.1402697,15.8399879,15.88709855,335452642
4/19/2021,15.51191291,15.78228577,15.20903387,15.33734258,404714198
4/20/2021,15.29874214,15.47227985,14.93942753,15.14730303,334376840.3
4/21/2021,15.09501311,15.33782569,15.07836043,15.33582742,216935088.3
4/22/2021,15.3504821,15.41406236,14.7602777,14.8267386,277989828
4/23/2021,14.91066778,15.31048199,14.87669646,15.24115716,227847895.3
4/26/2021,15.16114142,15.45429493,15.10115823,15.45329564,197941249
4/27/2021,15.55354455,15.64573412,15.32983228,15.3573262,164692922
4/28/2021,15.34015769,15.50740056,15.19171583,15.25244775,209569157
4/29/2021,15.37539495,15.41169769,15.0478703,15.30040812,173322871.7
4/30/2021,15.15045022,15.34049034,14.97336539,14.98598819,202058256.7
5/3/2021,15.10115873,15.22287333,14.76427501,14.81341696,204060890
5/4/2021,14.61435019,14.61483326,13.98844235,14.32865644,405620702.7
5/5/2021,14.68567288,14.79025222,14.36510904,14.43564957,292236742.7
5/6/2021,14.47243603,14.54840575,14.19571859,14.50026278,193521917.3
5/7/2021,14.78477444,14.94727141,14.6488887,14.78877099,229495116.3
5/10/2021,14.76379122,14.78259224,14.22762492,14.2434617,269100352.7
5/11/2021,13.80361428,14.33232029,13.72871053,14.28372758,285793581
5/12/2021,13.98792496,14.23776498,13.6879269,13.73703551,303630578
5/13/2021,14.01205567,14.05898324,13.43808735,13.64396457,285828438.3
5/14/2021,13.8684934,14.30552625,13.72737849,14.22066414,258804297
5/17/2021,14.13506835,14.1472414,13.8322563,14.14372792,216975106.3
5/18/2021,14.2446104,14.3815787,13.98226398,13.99410421,186390922.7
5/19/2021,13.54523026,14.05746716,13.52209987,14.04399532,344250928.7
5/20/2021,14.27988026,14.66054421,14.24827388,14.5895206,321826930
5/21/2021,15.13997474,15.19804273,14.84583817,14.96825225,673483750
5/24/2021,15.18838455,15.72000505,15.15211514,15.58718336,555221603.3
5/25/2021,15.74098717,15.7932431,15.45762486,15.62296964,435725379
5/26/2021,15.70919776,15.76881448,15.56138854,15.67504305,370709771.7
5/27/2021,15.67489334,15.72500125,15.43534429,15.46328745,581900348.7
5/28/2021,15.47627649,16.25162568,15.47627649,16.21868635,645006689.7
6/1/2021,16.2442996,16.36225047,15.87795669,16.23897061,473148873.3
6/2/2021,16.2264955,16.89230358,16.20969276,16.75178767,594601874.3
6/3/2021,16.67452102,17.23200333,16.55686964,16.94319529,580431007.7
6/4/2021,17.08545711,17.63349741,17.06880526,17.55078397,617571154.7
6/7/2021,17.54372553,17.78453973,17.16590939,17.59156837,576175944.3
6/8/2021,17.49982917,17.59426676,17.22401038,17.42970485,324083806
6/9/2021,17.49117333,17.55027815,17.23150466,17.33369291,381906646.7
6/10/2021,17.32551608,17.46734131,17.15171538,17.4003919,287959202.7
6/11/2021,17.45501636,17.91391647,17.41922712,17.80006989,416580073
6/14/2021,17.88079209,18.0142901,17.6379941,17.99352256,321585078.3
6/15/2021,17.88978684,17.99082627,17.70302919,17.76328284,243189937.3
6/16/2021,17.76576281,17.92957105,17.55956956,17.7850809,307323971.3
6/17/2021,17.74965709,18.80864879,17.73115449,18.63106768,810184858.3
6/18/2021,18.75772323,19.34790619,18.55797535,18.61271712,969488667
6/21/2021,18.40930496,18.51037836,17.79767184,18.40131125,672822553
6/22/2021,18.44576265,18.93730449,18.36012755,18.86039596,580524554
6/23/2021,18.98120153,19.1260912,18.88137759,19.03049698,332574104.7
6/24/2021,19.20096934,19.39287265,19.06144175,19.17880258,321132863.3
6/25/2021,19.25341102,19.31866168,18.86783854,19.00436768,278547375
6/28/2021,19.33416735,20.05055433,19.29204965,19.95687575,495760408
6/29/2021,19.85431895,20.07057068,19.62959071,19.99869267,367873716.7
6/30/2021,19.9709802,20.13390582,19.83585011,19.97419443,326780399
7/1/2021,20.09666825,20.42691588,19.99084871,20.18353527,480449328.7
7/2/2021,20.41104331,20.4760273,20.25929278,20.45789073,343410419.7
7/6/2021,20.70790135,20.81212168,20.3215467,20.66863121,446999907.3
7/7/2021,20.82377967,20.84509651,20.30344376,20.34319653,418701204.7
7/8/2021,19.82833932,20.10462827,19.67340789,19.87482055,503628992
7/9/2021,19.93422474,20.05185175,19.72663338,20.02197438,296817155.3
7/12/2021,20.21151457,20.5036747,20.15940441,20.48317398,322195135.7
7/13/2021,20.37162516,20.43209587,20.08571041,20.2215067,290897044
7/14/2021,20.32917428,20.3891284,19.72533534,19.81401737,380348107.7
7/15/2021,19.78425722,19.81934694,18.83226646,18.93960102,550924457
7/16/2021,19.0037018,19.13027182,18.04759779,18.13546386,688673344
7/19/2021,17.8899679,19.01532582,17.84052204,18.75357595,749549181
7/20/2021,18.70376278,18.81164709,18.13846068,18.58591934,434971031
7/21/2021,18.85321643,19.49979192,18.71575662,19.38288085,371259950.7
7/22/2021,19.61467056,19.85898357,19.24908233,19.56674035,324037812
7/23/2021,19.62875915,19.6725925,19.22310173,19.53076728,195799989
7/26/2021,19.28405533,19.41485506,18.88749068,19.26706821,204076525.7
7/27/2021,19.2380905,19.59471865,18.71475629,19.18113418,249025517
7/28/2021,19.29211598,19.61863342,18.96839634,19.47580914,202323380.3
7/29/2021,19.49179626,19.82500899,19.30100845,19.63462117,190905724.3
7/30/2021,19.3908737,19.60267883,19.23609218,19.47181242,183617356
8/2/2021,19.67259127,19.93289232,19.33398265,19.72248626,217586232
8/3/2021,19.7125277,20.19352727,19.19312371,19.78740415,302008244.3
8/4/2021,19.96187183,20.28942231,19.80039502,20.24548895,231460576.7
8/5/2021,20.47084876,20.70323785,20.31336882,20.6073441,211573564.7
8/6/2021,20.49483135,20.54042948,20.18153686,20.3373514,178613503.3
8/9/2021,20.41692435,20.47884388,20.11462201,20.26643969,146538859.3
8/10/2021,20.29341658,20.40093423,19.80688716,19.90794412,179355109
8/11/2021,20.0147954,20.020791,19.4028628,19.67159088,186046504
8/12/2021,19.84199558,20.00084061,19.59271938,19.87696887,151891059.7
8/13/2021,19.87696831,20.18546623,19.82334251,20.15955238,183182669.7
8/16/2021,20.10662742,20.25844509,19.42584661,19.92190186,211198657.3
8/17/2021,19.65760233,19.7424379,19.2400877,19.43084218,204718745
8/18/2021,19.47281279,19.60624431,18.97339366,19.01333016,286100358.3
8/19/2021,19.46648208,20.46588661,18.73573962,19.77041743,767056299.3
8/20/2021,19.9628687,20.83513632,19.90494667,20.78614039,676183238.3
8/23/2021,20.94095618,21.96570751,20.91997221,21.92673737,576183391
8/24/2021,21.72192899,21.92773853,21.50422826,21.76186486,297493415.3
8/25/2021,21.70594108,22.43811597,21.69098604,22.18141175,347928462
8/26/2021,22.16841974,22.30827954,21.7588655,22.03658699,238095924
8/27/2021,22.15243334,22.68972352,22.13544622,22.60382222,304921460
8/30/2021,22.79757407,23.01031158,22.51892018,22.65578218,262751697.7
8/31/2021,22.6654412,22.6654412,22.09111258,22.3558927,260004472.7
9/1/2021,22.45568849,22.66740605,22.32774509,22.41178589,201887088
9/2/2021,22.48863242,22.56351327,22.26578937,22.36688496,188129698.3
9/3/2021,22.29593479,22.95603641,22.17105602,22.81320375,280899161
9/7/2021,22.80324584,22.86913276,22.49309757,22.63246623,198225043.7
9/8/2021,22.48363555,22.58050071,21.9483454,22.30992464,254585591
9/9/2021,22.28294401,22.50858504,22.1021047,22.1480722,196973184.3
9/10/2021,22.31935048,22.59648827,22.24097229,22.44875941,248523662.7
9/13/2021,22.65444793,22.93405126,21.82942873,22.12308886,297677022.3
9/14/2021,22.24596974,22.38080822,22.05720292,22.21299327,199873640
9/15/2021,22.27994628,22.33790568,21.937354,22.31192364,166637136.7
9/16/2021,22.15456808,22.24796861,21.89838126,22.21299327,156126159
9/17/2021,22.27095252,22.29193772,21.8014499,21.87140058,294678187.7
9/20/2021,21.11826393,21.40492901,20.63487119,21.08528746,349648323.7
9/21/2021,21.38877276,21.39693361,20.92253481,21.21819317,204809908.3
9/22/2021,21.33784158,21.93135716,21.16822776,21.91237082,268885683
9/23/2021,22.11109821,22.50545394,21.86140733,22.45272471,248702892
9/24/2021,22.04121451,22.12009245,21.83242826,22.05220667,217784878.3
9/27/2021,21.68210039,21.77047137,21.297105,21.63170247,245361046.7
9/28/2021,21.18605109,21.39094026,20.62387973,20.6718461,343273199.7
9/29/2021,20.91237425,20.98948665,20.44043972,20.49037161,218523745.7
9/30/2021,20.74122959,21.03838682,20.66085254,20.68879948,221140634
10/1/2021,20.72277427,20.83166404,20.17705866,20.71478009,241121431.3
10/4/2021,20.47738238,20.51528903,19.52991654,19.70669209,345840736.7
10/5/2021,19.92440573,20.62088158,19.82850634,20.42445327,279448029.7
10/6/2021,20.09418522,20.69279613,20.05424638,20.67284401,297378764
10/7/2021,21.06430033,21.29410573,20.94451841,21.04737952,257071877.7
10/8/2021,21.07329497,21.17822099,20.74775748,20.80368469,151347976
10/11/2021,20.54796553,21.0353887,20.48437685,20.66784746,163484938.7
10/12/2021,20.80051942,21.02942508,20.50136398,20.6438633,162230191.3
10/13/2021,20.8906244,20.96250727,20.68583524,20.91154293,180759463.7
10/14/2021,21.26013088,21.72653551,21.09428081,21.71754222,243733867.3
10/15/2021,21.78146252,21.90237753,21.63370033,21.83342597,227129125.7
10/18/2021,21.72053985,22.26195866,21.61571321,22.1930071,189606520.3
10/19/2021,22.24697018,22.34989798,22.00827209,22.26096095,161569316.3
10/20/2021,22.27578366,22.40379375,21.95334412,22.07419247,146363020
10/21/2021,22.0681949,22.68139657,22.05420476,22.66244293,187701873.3
10/22/2021,22.79325265,23.0999032,22.53157049,22.69638748,249532311
10/25/2021,22.94304554,23.32467692,22.74028859,23.13587676,230371928.3
10/26/2021,23.95789891,25.22633939,23.89294443,24.68501992,486187438
10/27/2021,24.44229002,25.05755659,24.25055793,24.41937263,246136358.7
10/28/2021,24.84580632,24.91772252,24.49122276,24.90872859,234343617
10/29/2021,24.96818769,25.67578994,24.96768858,25.53402305,292676995.7
11/1/2021,25.61583075,25.86059145,25.19439387,25.79363875,265898037.3
11/2/2021,25.78864307,26.64334083,25.76665812,26.36700213,294287340
11/3/2021,26.63537799,26.7491646,26.20118408,26.56346179,240053020
11/4/2021,27.18535204,31.32434341,27.08279674,29.76227686,1154317765
11/5/2021,30.14777378,31.35932063,29.37175333,29.71337983,851766841.7
11/8/2021,30.10980077,31.05969881,29.86807074,30.7641071,503400418.7
11/9/2021,32.24026767,32.26791461,29.92499734,30.61724301,647131119.7
11/10/2021,29.31778972,30.81003892,28.74042917,29.42071686,636584517.7
11/11/2021,30.42847663,30.55029076,29.73829584,30.35053113,332369800.3
11/12/2021,29.97096528,30.64022753,29.59146545,30.35053113,413300071
11/15/2021,30.51231571,30.6042507,29.20886663,29.98595283,385138121.3
11/16/2021,29.72037415,30.35052997,29.66737761,30.16372804,264641228.7
11/17/2021,30.37851033,30.46938018,28.76238141,29.22285739,428763071.3
11/18/2021,32.32483956,32.71732911,31.28040797,31.63395906,782176174.3
11/19/2021,32.20132839,33.04496797,31.86373294,32.94210684,534184576
11/22/2021,33.47339864,34.60207111,31.85873608,31.91466329,754784174.3
11/23/2021,31.49409201,32.31784548,30.84001903,31.70491046,532479578
11/24/2021,31.42024263,32.8122287,30.8879838,32.63145607,435421222.7
11/26/2021,32.55754152,32.66743104,31.3093545,31.46211353,283237421
11/29/2021,32.32384006,33.36857037,31.99460485,33.33262926,455234817
11/30/2021,33.12590775,33.30971233,31.82279266,32.63345443,622436618
12/1/2021,33.17902766,33.24891452,31.34194506,31.39690872,485593333.7
12/2/2021,31.17611973,32.43831559,30.98737792,32.08714841,473152372.7
12/3/2021,31.96126719,32.09014894,30.09340576,30.65579999,544626817.3
12/6/2021,29.84367166,30.20426586,28.00382559,30.00050149,659303623.7
12/7/2021,30.91949345,32.40937197,30.61382893,32.38738549,593382107
12/8/2021,31.96026905,32.2505764,31.38291827,31.78745021,475814956.7
12/9/2021,31.69554348,32.16599898,30.39107542,30.45296777,488777943.3
12/10/2021,31.11216562,31.26702984,29.82468628,30.16129635,489096061.3
12/13/2021,30.21226117,30.25723139,28.08177377,28.12667732,598675499.3
12/14/2021,27.66518428,28.64306912,27.21674858,28.30256181,667405052.7
12/15/2021,28.36545329,30.4629623,27.80405883,30.42205601,698684054.7
12/16/2021,31.11416256,31.12215707,28.05878908,28.35246056,707758137
12/17/2021,27.95089492,28.8867743,27.72614385,27.76708348,716064883
12/20/2021,27.27171043,28.10972085,27.11188314,27.68516933,462102894
12/21/2021,28.33947019,29.08457609,27.36761427,29.03963921,524675658.7
12/22/2021,28.85579358,29.51908687,28.41441929,29.36428933,395403344
12/23/2021,29.71892135,30.02245358,29.39526952,29.60399761,343211978.7
12/27/2021,29.62398498,31.04880635,29.60399808,30.90750035,403909720.7
12/28/2021,31.27402335,31.29197797,29.97545085,30.28517927,420824306
12/29/2021,30.23574548,30.5108965,29.3303125,29.96452524,343329423.7
12/30/2021,29.79074096,30.4200573,29.50409817,29.5500342,309035369
12/31/2021,29.63797547,29.9935066,29.29520256,29.37528287,266677697.7
1/3/2022,29.77874759,30.67378729,29.7488339,30.08441145,392335156.7
1/4/2022,30.24024284,30.43104964,28.31452023,29.25436351,527446513.3
1/5/2022,28.91375508,29.38027936,27.49939366,27.57027967,498340045
1/6/2022,27.60625503,28.40342647,27.03196968,28.14366531,454438052.3
1/7/2022,28.10672612,28.38744003,27.02397699,27.21375131,410165935.3
1/10/2022,26.54855618,27.43546803,25.61247687,27.36661367,595010667
1/11/2022,27.28953242,28.03080772,26.8061533,27.78307165,404313218.3
1/12/2022,28.03264041,28.5601906,27.57427792,27.96485249,383625887
1/13/2022,28.34479932,28.44536569,26.46561195,26.54256146,539601138.7
1/14/2022,26.27451192,27.16378483,26.17833815,26.90905339,396051693
1/18/2022,26.22823649,26.60548615,25.73876118,25.87163954,425196575.3
1/19/2022,26.0474904,26.51098261,25.02160394,25.0365938,488585384
1/20/2022,25.27333761,25.54805531,24.04868253,24.120635,435422068.7
1/21/2022,23.47842803,24.79292292,23.2347565,23.34558299,719356461.7
1/24/2022,22.30284099,23.3515785,20.86249642,23.343584,915708789.3
1/25/2022,22.51849845,22.91503589,21.97322695,22.29684546,664984709
1/26/2022,23.2117707,24.0277626,22.27285991,22.74421393,756377902.7
1/27/2022,23.53938724,23.96583772,21.64854077,21.91726291,573670664.3
1/28/2022,21.98525058,22.83012368,21.26999171,22.81213572,544075643.3
1/31/2022,23.15380951,24.47923096,23.02392924,24.45627929,564992845.3
2/1/2022,25.07353682,25.11450978,23.86097412,24.60811231,519212808.7
2/2/2022,25.76271216,25.78569652,24.52316725,25.21137783,543720533.3
2/3/2022,24.4283302,25.04658661,23.75111287,23.91890133,410405257.7
2/4/2022,23.94288585,24.60511333,23.60334437,24.28952268,355025380
2/7/2022,24.34245355,25.15145008,24.17259948,24.698018,377076596.3
2/8/2022,24.32949654,25.19941965,23.95088104,25.07753388,410586244.3
2/9/2022,25.59102608,26.69239558,25.32227125,26.67240868,524572440.7
2/10/2022,25.96357935,26.89206272,25.56904087,25.79269216,513484316.3
2/11/2022,25.88463035,26.12037402,23.74411691,23.91989987,605807659.7
2/14/2022,23.90491275,24.84482276,23.72613104,24.2375589,440668441.3
2/15/2022,24.91873858,26.51258151,24.75394822,26.46261489,701513907.3
2/16/2022,26.22723704,26.54955637,25.52107185,26.47860306,733082394.7
2/17/2022,25.59898774,25.75375195,24.13562548,24.47723194,811044442.3
2/18/2022,24.63759153,24.95571447,23.07186397,23.61333819,761676964.7
2/22/2022,23.00694045,24.03472524,22.97196369,23.3615718,633773440.7
2/23/2022,23.77306436,24.12563071,22.27385896,22.3598015,566824923.3
2/24/2022,20.989344,23.77106555,20.86449348,23.71913331,736208662.3
2/25/2022,23.69218639,24.18759062,23.35257824,24.12763054,529158865
2/28/2022,23.9628399,24.63509418,23.67819542,24.3554461,477583356
3/1/2022,24.26154235,24.3474522,23.10384331,23.44844788,412284432.3
3/2/2022,23.72980804,24.38214573,23.38918143,24.1932932,389835763
3/3/2022,24.23493556,24.29919715,23.44311619,23.68786805,365276647.7
3/4/2022,23.35823576,23.65395631,22.45721533,22.91067381,432027058
3/7/2022,22.79181133,23.00758098,21.30647893,21.32843206,451045213
3/8/2022,21.28552461,22.34841311,20.62722369,21.49026707,557744469.3
3/9/2022,22.36240414,23.19443289,22.22248915,22.98859123,492987122
3/10/2022,22.50611836,22.76282934,21.85787811,22.63300837,428278745.7
3/11/2022,22.99658824,23.11948077,22.02174614,22.07564705,367391409
3/14/2022,21.84488694,22.23748211,21.13565063,21.30648023,385545860
3/15/2022,21.49426405,23.0125767,21.29848307,22.9476159,492240564
3/16/2022,23.47409691,24.56986571,23.14646257,24.46896029,671755845
3/17/2022,24.09335509,24.81458377,23.87961783,24.73869704,472175920.3
3/18/2022,24.77167699,26.53973824,24.59684993,26.42380813,731082251.7
3/21/2022,26.47777554,27.12208496,25.93840236,26.70453779,592021443.7
3/22/2022,26.69757595,27.20796693,26.04330647,26.49476588,547279202
3/23/2022,26.0972074,26.58234636,25.5468416,25.60570587,502369724
3/24/2022,26.13718296,28.28884459,25.8784396,28.11898087,877815575.3
3/25/2022,27.85527327,28.32678737,27.24094591,27.66142404,579304186.7
3/28/2022,27.72505239,28.21888629,27.17601853,28.18790502,425705622.7
3/29/2022,28.66298416,28.91406526,27.94915056,28.62440793,489227536
3/30/2022,28.27285383,28.464304,27.47267221,27.65942568,463717661
3/31/2022,27.75133828,28.21688921,27.2399487,27.25593862,523700551
4/1/2022,27.3448504,27.4656772,26.23802166,26.68258532,517492394
4/4/2022,26.69857551,27.52760602,26.58367859,27.32985931,397709732.7
4/5/2022,27.22395551,27.28891631,25.79149092,25.90242369,436832025.3
4/6/2022,24.90649628,25.27210765,23.97649365,24.3801487,704182876
4/7/2022,24.41409452,24.69475768,23.45211142,24.1813024,558269854
4/8/2022,23.89061216,23.8966087,23.03656356,23.09349544,525041824.3
4/11/2022,22.18950928,22.29537806,21.63611129,21.89285558,575493044.7
4/12/2022,22.51211457,22.69993392,21.25854112,21.48030668,662587529.3
4/13/2022,21.70400463,22.4751701,21.43133644,22.17854972,517200458.7
4/14/2022,22.48016652,22.75183551,21.13964647,21.23458869,569380041.7
4/18/2022,21.1766238,22.06368537,21.055697,21.75893734,525962272
4/19/2022,21.69600794,22.3484123,21.29052053,22.17355191,513035834.3
4/20/2022,22.49222589,22.64526649,21.17662392,21.45831961,469207594.3
4/21/2022,21.68521536,22.36736846,19.97798412,20.16070678,656535743.7
4/22/2022,20.28060073,20.4634234,19.47852067,19.49351138,625024071
4/25/2022,19.18080153,19.92301814,19.07493275,19.88007776,641884915
4/26/2022,19.69628896,19.76617979,18.64945702,18.76731889,653467604.3
4/27/2022,18.57750022,19.14582228,18.26978725,18.39467819,499708604.3
4/28/2022,18.94607803,20.01493047,18.46936719,19.76018457,570610540.3
4/29/2022,19.38058064,20.10610747,18.49661665,18.52659871,500683902.3
5/2/2022,18.5202691,19.55247638,18.37069342,19.51150173,572333387
5/3/2022,19.37858043,19.80315667,19.11190878,19.58045794,475987565.7
5/4/2022,19.90106538,20.37747621,18.73034167,20.31154952,649177548
5/5/2022,19.84509832,19.90306274,18.47962624,18.82321781,626642869.3
5/6/2022,18.71535122,19.49051421,17.97016966,18.65445456,633611871
5/9/2022,18.01410891,18.23480796,16.80840651,16.93129903,644775285.3
5/10/2022,17.66948388,18.17787579,17.00615294,17.5756742,761853029.3
5/11/2022,17.32789172,17.73341249,16.54973051,16.61165907,670500417.3
5/12/2022,16.20120731,16.76949601,15.54983582,16.15720042,709080848.3
5/13/2022,16.76949774,17.90850701,16.57438262,17.68647477,670770211.3
5/16/2022,17.4897259,17.76838998,17.08710343,17.24500738,521705412
5/17/2022,18.05408377,18.35070414,17.61461745,18.15692159,586121253
5/18/2022,17.68547443,18.09805761,16.84538404,16.91930568,545432270.3
5/19/2022,16.91830661,17.6674856,16.71556257,17.10509342,621618831
5/20/2022,17.31293235,17.3907848,15.7376543,16.67558541,739472890.7
5/23/2022,16.25607528,16.8963539,16.16119972,16.87936413,640207140.7
5/24/2022,16.49179909,16.57871302,15.76264113,16.13621444,588842809.7
5/25/2022,16.00229492,17.09210051,15.98234022,16.95624967,781520545.7
5/26/2022,16.01828525,18.07207299,16.00429375,17.83131925,997070468.3
5/27/2022,18.16591769,18.86016327,18.08006964,18.79027244,738746593
5/31/2022,18.95903474,19.17880187,18.32971669,18.65145511,664430059
6/1/2022,18.70335734,19.03209089,18.10205497,18.29976834,544784828.3
6/2/2022,18.27178475,19.59744737,18.17787508,19.57046359,648978572.3
6/3/2022,19.0606091,19.31089101,18.50131449,18.69936122,599076691.7
6/6/2022,19.11790756,19.31568762,18.54368892,18.76532116,422616263.3
6/7/2022,18.45164519,18.97902535,18.16791707,18.9051037,389107554.3
6/8/2022,18.78093411,19.16153028,18.51720882,18.63008194,363407408.3
6/9/2022,18.46323918,18.91476374,18.02364124,18.03063748,395742751
6/10/2022,17.58314309,17.67995786,16.85276753,16.95764513,465714593
6/13/2022,15.98456629,16.29633266,15.59101057,15.63195541,604411199.7
6/14/2022,15.71587708,16.05053106,15.39714781,15.8207877,469880200
6/15/2022,16.07951558,16.85176861,15.91070617,16.51108465,564176552.3
6/16/2022,15.84474131,15.92689765,15.38615386,15.58601338,545981794
6/17/2022,15.63295452,15.97960209,15.31322596,15.86473041,630603107.3
6/21/2022,16.45881364,16.99159465,16.39121645,16.55006479,483295178.7
6/22/2022,16.21041251,16.64597935,16.16447063,16.34427436,437896947
6/23/2022,16.50275559,16.56905359,15.83774569,16.20941343,463877695.3
6/24/2022,16.48413134,17.12348843,16.2943329,17.10949595,472354459.3
6/27/2022,17.29539764,17.31338788,16.60966466,16.8527679,428150645
6/28/2022,16.88375136,17.18545635,15.92969604,15.96664312,461819774.7
6/29/2022,15.79879963,15.80479628,15.15544442,15.52704516,482558130.7
6/30/2022,15.3462088,15.55203194,14.84774277,15.14445039,686362923.7
7/1/2022,14.88505613,15.04843484,14.3781276,14.50902398,577856667
7/5/2022,14.16134432,14.95668466,14.0414086,14.94968842,652215859.3
7/6/2022,14.99559652,15.30423107,14.77478129,15.11546556,529291801.3
7/7/2022,15.4407575,15.92969545,15.37415991,15.84274207,493113295.3
7/8/2022,15.41513786,16.02154629,15.3741597,15.82278606,468171651
7/11/2022,15.51105351,15.51205311,15.02354817,15.1374539,438219977.3
7/12/2022,15.25329156,15.41613766,14.86273432,15.0674912,458678813.3
7/13/2022,14.57598751,15.36016711,14.45105444,15.14944662,522141043.3
7/14/2022,15.09347774,15.45808224,14.71381449,15.35720304,456429666.7
7/15/2022,15.64391621,15.76685009,15.43013056,15.74686096,386100096
7/18/2022,16.28633784,16.88075236,15.9865654,16.08551206,670803590
7/19/2022,16.47013895,17.093505,16.15647402,16.97563484,702665931
7/20/2022,16.93069188,17.91543058,16.78480343,17.78986426,760862570.3
7/21/2022,17.86782452,18.12651881,17.52787317,18.03263585,557287022.3
7/22/2022,17.87578567,17.94974585,17.12015697,17.30239322,536900055
7/25/2022,17.00255383,17.10749809,16.63298562,17.0075515,480952922.3
7/26/2022,16.87275802,16.90274218,16.46214496,16.51708228,398034802.7
7/27/2022,17.0155477,17.91876411,16.89674491,17.77290898,570019406
7/28/2022,17.95770871,18.12255337,17.42322856,17.96670352,474848840.7
7/29/2022,17.79586362,18.22639947,17.67496163,18.14550971,435646190.7
8/1/2022,18.16446596,18.82787764,17.97270226,18.42326089,476672439
8/2/2022,18.1045955,18.91942519,18.07461134,18.50821227,489735940.7
8/3/2022,18.16646307,18.94971007,18.11955461,18.87481664,418324248
8/4/2022,18.83087346,19.25547895,18.74198755,19.19651054,409827088.7
8/5/2022,18.79192886,19.21043806,18.64807292,18.97069997,386233026
8/8/2022,17.48519492,18.22140011,17.22543407,17.77590525,983561813.7
8/9/2022,17.23542978,17.4303586,16.70787919,17.06951853,668548094
8/10/2022,17.68095637,18.10059816,17.30039355,18.07960944,597677386
8/11/2022,18.11355832,18.68901663,17.85882784,17.92475916,509544170.7
8/12/2022,18.14250922,18.70001062,17.93575315,18.69101518,478298236
8/15/2022,18.68302155,19.14554013,18.59510222,19.01364414,457861117.7
8/16/2022,18.90143643,19.12358427,18.48322723,18.86082492,451432400.7
8/17/2022,18.50521514,18.67002646,18.12751746,18.3173486,446989828
8/18/2022,18.283366,18.84683035,18.16546252,18.75497994,415624092.3
8/19/2022,18.39327871,18.50221778,17.75291933,17.83184386,441776743.3
8/22/2022,17.47320279,17.54116665,16.94968327,17.01754713,409767676.3
8/23/2022,16.97230377,17.44821551,16.95368027,17.16446744,370143819.7
8/24/2022,16.99559076,17.3892468,16.87875385,17.20544531,522883950.3
8/25/2022,16.82778152,17.92975785,16.81678752,17.89577592,771020252
8/26/2022,17.83983999,17.9067706,16.22137368,16.2443616,769455651
8/29/2022,16.00455586,16.32228522,15.75185791,15.78580618,496343767.3
8/30/2022,15.9446539,16.02354477,15.1674372,15.45308414,530407154
8/31/2022,15.36916227,15.52504544,14.94435644,15.07948423,573954862
9/1/2022,14.19499141,14.36613334,13.25736116,13.92360394,1179368356
9/2/2022,14.08638484,14.15734655,13.57795708,13.63389401,743474606.7
9/6/2022,13.7178481,13.76582251,13.33815152,13.45205726,535979862.3
9/7/2022,13.55264627,13.82749309,13.33580766,13.70358037,512825366.7
9/8/2022,13.44872374,13.9972843,13.35879664,13.97929196,625077903.7
9/9/2022,14.14615302,14.46291477,14.11516683,14.37598611,487115951.7
9/12/2022,14.3579941,14.5358829,14.18713526,14.49390129,484317851.7
9/13/2022,13.79150821,13.91135579,13.08894841,13.1209343,715190102.3
9/14/2022,13.24384761,13.27983198,12.90312993,13.11793612,588699589.7
9/15/2022,13.00521809,13.2228894,12.78021619,12.91912215,523796761.7
9/16/2022,12.73193747,13.20189906,12.60739204,13.18790519,670971135.7
9/19/2022,13.00208602,13.45272253,13.00008694,13.37179111,569871933.3
9/20/2022,13.20456379,13.47254667,13.04703278,13.16591398,524989882.7
9/21/2022,13.20289828,14.02020778,13.09994304,13.25084379,807944020
9/22/2022,13.06269439,13.13892673,12.4184749,12.55141665,759410969.7
9/23/2022,12.41047833,12.60139495,12.24764945,12.50643633,663526633
9/26/2022,12.48144657,12.64937329,12.20466736,12.21866123,547522213
9/27/2022,12.49743986,12.72627325,12.2486487,12.40348094,554035604
9/28/2022,12.40048234,12.81316875,12.34444021,12.72627343,542591727.3
9/29/2022,12.43846592,12.49044323,11.93691844,12.21066555,532937710.3
9/30/2022,12.07772373,12.62338555,12.06576227,12.12970105,565823686.7
10/3/2022,12.33754339,12.66833234,12.09571551,12.50243802,547657784
10/4/2022,12.86914418,13.20989551,12.86914418,13.15691849,584373282
10/5/2022,12.90092998,13.3108176,12.61138994,13.19889968,507297045
10/6/2022,13.20989557,13.64560519,13.09294645,13.1199348,644368081.3
10/7/2022,12.49544117,12.6603358,12.01281875,12.06676181,672698555
10/10/2022,12.02781215,12.11490747,11.39938682,11.66107248,698928213.7
10/11/2022,11.5521529,11.83696176,11.2743743,11.57710884,667700540.7
10/12/2022,11.57011156,11.72600984,11.33634698,11.49124589,492751598.7
10/13/2022,10.96261031,12.06876047,10.80477929,11.95084531,850381663
10/14/2022,12.04780381,12.10171354,11.19540958,11.21839946,713665856
10/17/2022,11.50923818,11.93888389,11.5082388,11.87894328,580964498.3
10/18/2022,12.33454448,12.48244646,11.60909481,11.95784244,659578189
10/19/2022,11.86994722,12.34050849,11.82496684,12.04180544,523302216.3
10/20/2022,12.10371192,12.75922559,12.09571529,12.18467667,652611589.3
10/21/2022,12.08885155,12.48844378,11.87794383,12.45645757,609694059.3
10/24/2022,12.49844001,12.70028505,12.05480041,12.58940015,517626886.7
10/25/2022,12.68399151,13.28982693,12.65433772,13.25084379,505647904.7
10/26/2022,12.85914874,13.37778853,12.69828561,12.88613678,534848741.7
10/27/2022,13.61961593,13.82749184,13.11193759,13.16591398,583304201.7
10/28/2022,13.09394668,13.83945448,13.05103205,13.82349455,521210737.7
10/31/2022,13.76755184,13.82749245,13.2868285,13.48667446,486500416.7
11/1/2022,13.8005048,13.91435515,13.50866565,13.53265523,432958808.7
11/2/2022,13.83945398,14.19913005,13.20106629,13.20889594,672848364
11/3/2022,13.03307301,13.77055082,12.94611103,13.41077444,500228838.7
11/4/2022,13.97529474,14.21812201,13.68658739,14.14515389,612776736
11/7/2022,14.21712203,14.40097504,13.9433419,14.29002348,410195399.3
11/8/2022,14.78970532,14.87966608,14.20512735,14.59085905,595487130.3
11/9/2022,14.15081752,14.20012971,13.74856016,13.7655528,454562741.3
11/10/2022,14.78870548,15.76098055,14.53588251,15.73799067,701048908.3
11/11/2022,15.7952672,16.37651309,15.47014246,16.31454006,655702189
11/14/2022,16.20561998,16.52734624,15.90984904,16.28255292,528025344
11/15/2022,16.70886764,16.98498019,16.36951599,16.65325883,546054602
11/16/2022,16.14934492,16.3495239,15.86087091,15.89785466,649759798.3
11/17/2022,15.70300656,16.25356623,15.52311837,15.66502312,711126747.3
11/18/2022,15.95379647,15.98974782,15.10846589,15.39720656,492233082
11/21/2022,15.13545508,15.46514435,15.0684842,15.3052809,404871874.7
11/22/2022,15.316276,16.04545752,15.11019914,16.02573276,473021059.7
11/23/2022,16.0857053,16.51435163,16.03572738,16.50635468,427380990.7
11/25/2022,16.30554301,16.47440214,16.15967345,16.25756385,167989248
11/28/2022,16.01373742,16.3445267,15.71300258,15.81492449,304114702.7
11/29/2022,15.81492347,15.91984446,15.50812443,15.62703897,298482139
11/30/2022,15.68768417,16.91991783,15.58775283,16.9129203,565435199
12/1/2022,16.98886107,17.25476723,16.62512219,17.12481318,471090913.7
12/2/2022,16.64911373,16.92265085,16.43525535,16.86597051,371478771.3
12/5/2022,16.66910686,16.98486249,16.46221268,16.60013102,352340529
12/6/2022,16.52015864,16.56314329,15.80960832,15.97751603,352779702
12/7/2022,15.76265882,16.17641353,15.65769554,16.11043673,372478013.7
12/8/2022,16.26335001,17.16879843,15.94952663,17.15880187,515580654.3
12/9/2022,17.14980424,17.5726224,16.96486941,16.99085997,465450953.3
12/12/2022,17.02684655,17.52763697,16.78699763,17.52463794,457438747.7
12/13/2022,18.52002255,18.77886514,17.70047742,18.06128394,656748046
12/14/2022,17.97631351,18.24112083,17.40967958,17.66349024,497008539.3
12/15/2022,17.13580848,17.30974727,16.69009882,16.9419099,478658091.3
12/16/2022,16.85410799,17.03084581,16.40026735,16.56114388,478347892.7
12/19/2022,16.56214451,16.59913109,16.13542785,16.24435597,354124694.7
12/20/2022,16.05445499,16.30033532,15.84259651,16.07544759,403357635.3
12/21/2022,16.10443713,16.61712368,16.09244101,16.49120084,325104063.7
12/22/2022,16.08411215,16.12843023,14.87320467,15.32987737,565182187.7
12/23/2022,15.18699376,15.32987673,14.87420384,15.19699032,349410438.7
12/27/2022,15.06507062,15.0910615,14.04759476,14.1125721,465014904
12/28/2022,13.91873956,14.25348853,13.8757546,14.02760133,351151434
12/29/2022,14.39344,14.67427433,14.21850142,14.59433579,355009199.3
12/30/2022,14.32546336,14.62029307,14.22449891,14.60533187,310565156
1/3/2023,14.84221527,14.98713114,14.08758051,14.30647018,401374017.7
1/4/2023,14.55834816,14.8442141,14.23249598,14.74025061,431428309.7
1/5/2023,14.48237448,14.55534881,14.13952821,14.25648728,389262425.3
1/6/2023,14.4653812,15.00112629,14.0256026,14.85021267,405141944.3
1/9/2023,15.27489641,16.04645827,15.13204646,15.61870883,504352972.7
1/10/2023,15.49778477,15.95252487,15.46279712,15.899577,384194313.7
1/11/2023,15.83026741,16.01846793,15.5537646,15.99147727,353370598.7
1/12/2023,16.0904424,16.62711994,15.48278914,16.50116441,551542744.7
1/13/2023,16.26834724,16.9119213,16.15542062,16.88896248,447395500
1/17/2023,16.88896234,17.71747121,16.88896234,17.69148002,511226039
1/18/2023,17.6565266,17.86242069,17.27176178,17.36669548,439730305.3
1/19/2023,17.025848,17.18679184,16.72105569,16.75504324,453041548.3
1/20/2023,17.00085538,17.84542551,16.81498777,17.82843141,565104052
1/23/2023,18.053286,19.23357159,17.80710631,19.18158985,655321577
1/24/2023,18.81581794,19.48345028,18.80882041,19.25356395,496324373.3
1/25/2023,18.90138791,19.35849424,18.56897152,19.31151046,449646062
1/26/2023,19.68934548,20.15401551,19.26656065,19.79027661,489653963.3
1/27/2023,19.45046091,20.61575129,19.39348121,20.35287688,542273438
1/30/2023,19.9381571,20.12802322,19.13860448,19.15060061,488729582.3
1/31/2023,19.1582638,19.67534887,18.93870801,19.52543504,498137473
2/1/2023,19.67934861,21.17942108,19.59937674,20.93057568,660637148.7
2/2/2023,20.98755372,21.9359867,20.68772607,21.69610445,564412677.7
2/3/2023,20.98755461,21.73209312,20.77666193,21.08745293,429470085
2/6/2023,20.7936566,21.55718816,20.77366348,21.07645749,452306700.3
2/7/2023,21.36928704,22.24581249,21.13743511,22.1598759,664310762.7
2/8/2023,22.37373343,22.86436128,21.9949667,22.19183098,559786829.7
2/9/2023,22.5925564,23.00631077,22.10689383,22.32378392,524002876
2/10/2023,21.67711181,22.064675,20.79865412,21.25236077,550870378.3
2/13/2023,21.52519845,22.03495265,20.94956745,21.77504394,475033886
2/14/2023,21.56518397,23.03516729,21.35329183,22.95732832,675637438
2/15/2023,22.53557669,22.84136909,22.09289939,22.75043453,421085972
2/16/2023,22.11988932,22.53657607,21.91386192,21.98896915,412126090.7
2/17/2023,21.6181665,21.72709462,20.96256362,21.37528521,466000703
2/21/2023,20.9875553,21.48108156,20.60575618,20.6427434,410114126.3
2/22/2023,20.69472433,21.09145129,20.40885775,20.74170747,513308630.3
2/23/2023,23.42609682,23.87380605,23.01130901,23.65001778,1118266200
2/24/2023,23.2112384,23.46008441,22.93333614,23.27218327,589858915.7
2/27/2023,23.65601515,23.86577438,23.44009119,23.48707433,453103620.3
2/28/2023,23.35812134,23.81086252,23.19224621,23.20224277,456073416.7
3/1/2023,23.17825033,23.2419282,22.49465734,22.68449076,460137275
3/2/2023,22.47466513,23.36638447,22.41871759,23.30017433,389949358.7
3/3/2023,23.30617323,23.88580275,23.11627314,23.87580619,412493186.3
3/6/2023,23.8768065,24.23361389,23.47308136,23.54005827,437535200
3/7/2023,23.58870835,24.11338676,23.22984714,23.27683358,515249645
3/8/2023,23.47574084,24.18836435,23.41242618,24.16936961,513668688
3/9/2023,24.16337152,24.44228967,23.37163844,23.42475662,501350133
3/10/2023,23.39776545,23.61570132,22.71503329,22.9539296,474954016
3/13/2023,22.74102624,23.28683179,22.28632707,22.95492942,421968596.3
3/14/2023,23.48473924,24.20735926,23.44874945,24.05140521,474998317.7
3/15/2023,23.74956122,24.27433965,23.34877976,24.21635719,524583265.7
3/16/2023,24.0154169,25.57572302,23.88252233,25.52873721,584490539.7
3/17/2023,25.96953945,26.38631644,25.65563167,25.71261524,848704384.7
3/20/2023,25.60264882,26.01152838,25.11779159,25.88756476,432827536.7
3/21/2023,26.16744888,26.37931968,25.36881783,26.18640964,547509564.7
3/22/2023,26.41230946,27.57570012,26.22439831,26.45529717,797443212
3/23/2023,27.10230574,27.48575946,26.67716463,27.17795008,564993812.7
3/24/2023,27.01799791,27.15395771,26.34233033,26.76610526,455334008.3
3/27/2023,26.82408771,26.98700636,26.35232683,26.51827801,361092894
3/28/2023,26.43430283,26.50028336,25.8375788,26.39731352,356170026
3/29/2023,26.81209158,27.06498311,26.58422525,26.97101087,393767073.7
3/30/2023,27.21593893,27.48575948,27.0889761,27.36985997,364583542.3
3/31/2023,27.12696413,27.82082625,27.0919745,27.76364332,434013483.7
4/3/2023,27.49575716,27.98654549,27.32287472,27.95155585,398789817
4/4/2023,27.95255446,27.98654457,27.2939153,27.43980555,368660163
4/5/2023,26.81609045,26.98500687,26.3823184,26.86804181,515110506
4/6/2023,26.57122866,27.06698252,26.41430842,27.02399544,397728099.7
4/10/2023,26.81009185,27.60769002,26.65617081,27.56570246,395352161.7
4/11/2023,27.7103271,27.77664097,27.11296957,27.15595728,314436536.3
4/12/2023,27.35686376,27.45476806,26.43496865,26.48228842,446341900.7
4/13/2023,26.72115021,26.87397172,26.31633671,26.45029682,353680897
4/14/2023,26.49128536,26.87004019,26.2074023,26.74511038,395733592.3
4/17/2023,26.55260171,26.99300502,26.4204073,26.9890063,321530931
4/18/2023,27.5200821,28.09651185,27.34386712,27.65367554,604924057.3
4/19/2023,27.34786674,27.986545,27.2189382,27.91756526,358726911
4/20/2023,27.6576755,28.01653672,26.98700681,27.09097618,427792658
4/21/2023,26.93902145,27.16995365,26.70915607,27.10597216,345166978.7
4/24/2023,27.00000203,27.35286419,26.65820255,27.02899325,339344960.3
4/25/2023,27.06498275,27.23393313,26.21240134,26.22839623,378597452.3
4/26/2023,26.98900481,27.31687447,26.69222543,26.9430179,406412369.7
4/27/2023,27.34986647,27.48176088,26.61225043,27.21293985,377231208.7
4/28/2023,27.21194065,27.74464987,27.05831898,27.7356529,292270375.3
5/1/2023,27.82662554,29.04426658,27.76664341,28.89607664,570434647
5/2/2023,28.66617755,28.82209827,28.06952019,28.19648238,402804552.7
5/3/2023,27.82662567,28.35340378,27.45880082,27.78863684,383458502
5/4/2023,27.63768148,27.84562022,27.22693621,27.54870812,321910071.7
5/5/2023,27.81229657,28.74115567,27.71765814,28.66617816,361561227.7
5/8/2023,28.50832343,29.20595094,28.33640782,29.13697121,345043032.3
5/9/2023,28.88507987,28.95905785,28.43637911,28.55727623,314927824.3
5/10/2023,28.99104867,29.09898406,28.44754281,28.8710844,369418620.7
5/11/2023,28.88207954,28.9360639,28.23247133,28.56427304,322208867
5/12/2023,28.51528796,28.7661144,28.03253043,28.32641062,274273135.3
5/15/2023,28.49466102,28.95505858,28.13849966,28.93906305,293980536.3
5/16/2023,28.82709722,29.85559427,28.81810025,29.19895413,449488448.7
5/17/2023,29.56981119,30.18446313,29.41589015,30.16346935,432615637.3
5/18/2023,30.39540203,31.81271711,30.30542851,31.66276145,748864120.7
5/19/2023,31.52080327,31.56479051,30.9011864,31.24895034,473995838
5/22/2023,30.88622259,31.50480722,30.66528816,31.16100869,372068909.7
5/23/2023,30.98509352,31.27294198,30.61630249,30.67328542,356319380.3
5/24/2023,30.19545974,30.59230979,29.79167907,30.52333005,721552713.7
5/25/2023,38.50444211,39.46099354,36.6174319,37.96180244,1544197757
5/26/2023,37.87182889,39.15121778,37.53192908,38.92731748,714529592.3
5/30/2023,40.57549882,41.91783571,39.9297893,40.09170779,923572639.7
5/31/2023,39.46898986,40.27565165,37.80384762,37.81584443,1002766352
6/1/2023,38.47045203,40.03075875,38.32156321,39.75087504,635991132
6/2/2023,40.07774556,40.48052671,39.03928472,39.30810575,482820830.7
6/5/2023,38.89032649,39.54596579,38.68838617,39.15221624,396167466.3
6/6/2023,38.81135295,39.14122167,38.12968634,38.635404,388801308
6/7/2023,38.89900069,39.48271516,37.34057265,37.4595415,512075391.3
6/8/2023,37.70847802,38.84801434,37.48953572,38.49410648,417835472.3
6/9/2023,39.02096971,39.6946275,38.55109294,38.7540398,427782033.7
6/12/2023,39.18389307,39.51370649,38.60207771,39.46571887,389408204.7
6/13/2023,40.16947013,41.08409886,39.72361988,41.00511863,613300893.7
6/14/2023,40.80717497,42.98230817,40.53531137,42.9793095,740577033.3
6/15/2023,42.58450909,43.27116366,42.12962694,42.63549538,568708041.3
6/16/2023,43.4321189,43.70301497,42.64315721,42.67441648,655808473.7
6/20/2023,42.98030407,43.97187928,42.65645466,43.789959,451221326
6/21/2023,43.48310941,43.59708048,42.06264677,43.02729435,551686390
6/22/2023,42.23559796,43.40779266,42.21660385,43.00729801,417800477
6/23/2023,42.44654497,42.79138763,41.99769477,42.19161101,358194063.7
6/26/2023,42.43721319,42.74640145,40.08349443,40.61528977,594411856.3
6/27/2023,40.78221125,41.92271381,40.43133666,41.85873075,462244723.3
6/28/2023,40.64324696,41.82777222,40.50131783,41.10009488,582727338.7
6/29/2023,41.54088019,41.58283586,40.58329621,40.80517179,380571768.7
6/30/2023,41.66281567,42.53252215,41.48396199,42.28458635,501223669.7
7/3/2023,42.4995288,42.88032977,42.18461128,42.39555585,198087417.3
7/5/2023,42.11762998,43.15922531,42.06764325,42.2995836,323666680.7
7/6/2023,41.82677379,42.1616196,41.3290364,42.08563932,303999210.3
7/7/2023,42.30458022,43.19621534,42.16261776,42.48553301,355935165.3
7/10/2023,42.63949379,42.7933868,41.63182183,42.16261759,353961613.3
7/11/2023,42.4635376,42.74039894,42.04964619,42.38755732,298289175.3
7/12/2023,43.01529397,43.91689255,42.75959379,43.88390083,481349820
7/13/2023,44.49964566,46.13598528,44.4736521,45.95806575,478276145
7/14/2023,46.56370638,48.06821494,45.04143659,45.45033025,772192019
7/17/2023,46.2699168,46.47686188,45.24365068,46.44187104,510565373
7/18/2023,46.68180598,47.87629471,45.71519143,47.47443258,569934538.7
7/19/2023,47.44444157,47.79834943,46.72276286,47.05764199,427566541
7/20/2023,46.4878561,47.06763901,45.04343249,45.50127995,537946044.7
7/21/2023,45.76914143,45.84708876,44.0818478,44.29072658,963914554.3
7/24/2023,44.71258499,45.09042061,44.02186556,44.59361615,382963106.7
7/25/2023,44.92253315,46.16364204,44.90453732,45.66024066,348133598.7
7/26/2023,46.00205198,46.03404414,44.6116145,45.43333336,364292293
7/27/2023,46.49985696,47.37546206,45.73115681,45.88108494,456044659
7/28/2023,46.64881761,47.00765788,46.36189274,46.73076318,331244253.7
7/31/2023,46.73476102,47.11062961,46.48685856,46.70976702,251093176
8/1/2023,46.44053615,46.88068906,46.00804933,46.48785754,238839524
8/2/2023,45.81210162,45.8210989,43.36913784,44.2508082,530221929.7
8/3/2023,43.78199559,45.09941935,43.78199559,44.49664281,324825581.3
8/4/2023,44.96648851,45.62325003,44.37470962,44.66160115,362720995.3
8/7/2023,45.09242206,45.52127733,44.54496462,45.39800898,322202419.3
8/8/2023,44.83455459,45.22338662,44.03786182,44.64560408,353896810.3
8/9/2023,44.25580579,44.2937299,42.11662982,42.53652113,586537782
8/10/2023,42.14262592,43.55609168,41.81777693,42.37056679,492779742.3
8/11/2023,41.73379656,42.00069442,40.62228623,40.8381632,533165838.3
8/14/2023,40.46932536,43.78199555,40.29443784,43.73500749,690390311.7
8/15/2023,44.54163338,45.24938246,43.69202057,43.92189387,676614021
8/16/2023,44.50164095,44.65660018,43.38813028,43.46811006,527530592.7
8/17/2023,43.95188561,44.04386134,42.98330398,43.32581544,452463317
8/18/2023,42.61749862,43.56008669,41.64281966,43.28115956,583856243
8/21/2023,44.47565081,47.04564793,44.20382183,46.94767358,692678037.7
8/22/2023,48.11516671,48.16715382,45.31443021,45.64924268,756683496.3
8/23/2023,45.84709359,47.18057953,45.18939791,47.09663485,779163923.7
8/24/2023,50.19532547,50.2453122,47.13962166,47.14361989,1156218931
8/25/2023,46.99266087,47.78535417,45.00544418,45.99905316,925480670.3
8/28/2023,46.462865,46.96066905,44.86954733,46.81573998,685295807.7
8/29/2023,46.64681657,49.06082143,46.37188766,48.76389846,701503112.7
8/30/2023,49.0238293,49.90646586,48.40505732,49.24373909,735317224.3
8/31/2023,49.35967674,49.72351477,48.93785298,49.33468274,528649825
9/1/2023,49.74151291,49.77950242,48.12190038,48.48903837,463900374
9/5/2023,48.20314511,48.830749,47.84033996,48.52799408,382710619
9/6/2023,48.42371701,48.53165782,46.56338382,47.04423811,468727752
9/7/2023,45.50879711,46.32743977,45.13588362,46.22446355,433383583
9/8/2023,45.92560051,46.58937842,45.25485631,45.55578577,473681622.7
9/11/2023,46.13151685,46.14651315,44.29617833,45.16187699,474024401
9/12/2023,44.7220448,45.65676079,44.51509277,44.85401404,349299456.7
9/13/2023,44.58407886,45.91360305,44.48710141,45.46880679,398404572.7
9/14/2023,45.93359801,45.97055564,45.11488868,45.56478412,370142957
9/15/2023,45.32483696,45.58277666,43.79236045,43.88430664,506893423.3
9/18/2023,42.73274165,44.22622677,41.98501554,43.95029074,500332804.7
9/19/2023,43.8173569,43.95029239,42.98665003,43.50449656,373110337.7
9/20/2023,43.58448035,43.88731026,42.20793469,42.22393058,367153250.3
9/21/2023,41.56811367,42.08495934,40.96538725,41.00237822,450791794.7
9/22/2023,41.55711651,42.09995773,41.2163294,41.59510833,479295540.3
9/25/2023,41.5761113,42.52085773,41.16234058,42.20693115,419142876.7
9/26/2023,41.98601704,42.80472637,41.64009741,41.89603796,402331872
9/27/2023,42.31490537,42.85667904,41.61413529,42.45287212,444990223.3
9/28/2023,42.44487515,43.43071214,42.09995638,43.07362916,424715443
9/29/2023,43.81135832,44.1282516,43.29147929,43.48350168,397879200.7
10/2/2023,44.01427743,45.15887755,43.84531722,44.76603651,433351785.7
10/3/2023,44.79202857,45.1138877,43.230559,43.50149584,470907978.3
10/4/2023,43.72640959,44.12724982,43.2765475,44.02527319,361865719
10/5/2023,44.0342739,44.88401003,43.87231205,44.67205881,393531782.7
10/6/2023,44.17724076,45.77266927,44.01027972,45.74567542,434489796.7
10/9/2023,44.82602165,45.58877742,44.35216571,45.25685451,409725530.7
10/10/2023,45.29384696,46.24245842,45.07189862,45.78166628,368627696
10/11/2023,46.17947273,46.84231897,46.03357343,46.78933085,378183749.3
10/12/2023,46.76033714,47.59201025,46.31344174,46.92826443,481384595.3
10/13/2023,46.94326223,47.09922658,45.26385342,45.44481118,475047861.7
10/16/2023,45.0469032,46.20846544,44.89600471,46.07852997,375145589.7
10/17/2023,43.98428533,44.73804359,42.46487253,43.92229968,812433369.3
10/18/2023,42.57584404,43.20359845,41.81005621,42.18093591,627371882
10/19/2023,42.79572988,43.28155004,41.86704595,42.0859622,501295120.3
10/20/2023,41.8750429,42.45487508,41.06336527,41.37226061,477325143
10/23/2023,41.21433028,43.23256035,40.93039629,42.95965639,478589579.3
10/24/2023,43.06163432,43.6814229,42.67575829,43.64746402,401512964
10/25/2023,43.38252322,43.63446542,41.54015305,41.76406721,398428465.3
10/26/2023,41.83805148,42.2405909,39.86591119,40.31164035,541068191
10/27/2023,41.1153532,41.19133556,40.00071236,40.48553292,416835874.3
10/30/2023,41.07236483,41.75107238,40.46653837,41.14634677,388076124
10/31/2023,40.43554393,40.86441094,39.21602772,40.76546639,518032932.7
11/1/2023,40.86941261,42.36589789,40.8544163,42.30991101,437647114
11/2/2023,43.31254012,43.86831053,42.87867518,43.49049913,409222585
11/3/2023,44.00427889,45.29284449,43.70741444,44.98894963,424662303.3
11/6/2023,45.26851817,45.9186006,44.88300755,45.73467616,400782867
11/7/2023,45.70271692,46.20146626,45.14154733,45.9385953,343207812.3
11/8/2023,46.08352757,46.85031628,45.95159167,46.55738477,346761875.7
11/9/2023,47.4500438,48.21279958,46.73334445,46.93326479,540562911.7
11/10/2023,47.4830373,48.45471096,47.26615482,48.31777586,422095024.7
11/13/2023,48.30277981,49.0984949,48.08186439,48.60264302,384183362
11/14/2023,49.66229374,49.81622431,49.0225097,49.63829864,417005548.7
11/15/2023,49.91720565,49.94219907,48.18280947,48.87054917,475556124
11/16/2023,48.66159472,49.50713122,48.31277634,49.46237438,339798213.7
11/17/2023,49.50633249,49.69925447,48.98952013,49.28045248,325706621
11/20/2023,49.29444731,50.52999276,49.16347765,50.39102516,415519925
11/21/2023,50.10808926,50.49899779,49.20446674,49.92619859,565816971.7
11/22/2023,49.83422297,50.31697644,47.67299232,48.69858702,900346390.3
11/24/2023,48.45271001,48.90353836,47.72797812,47.75897158,294681228.3
11/27/2023,47.78296713,48.51266363,47.635002,48.22479797,395710922.3
11/28/2023,48.21879649,48.30571016,47.45604074,47.80395953,401540627.3
11/29/2023,48.36173348,48.74457743,47.84295402,48.12282173,382052081.3
11/30/2023,48.00688051,48.09286126,46.40542118,46.75333998,526311900.7
12/1/2023,46.50839877,47.18317465,46.17051041,46.74834217,369362730.3
12/4/2023,46.06056806,46.06056806,44.99394946,45.49379967,437597454.7
12/5/2023,45.45247388,46.58610923,45.2575137,46.55211729,371752870
12/6/2023,47.20058421,47.37284948,45.39848428,45.48946561,380625685
12/7/2023,45.68639304,46.61510412,45.5904457,46.58211053,350855871.7
12/8/2023,46.5811131,47.72667973,46.5361216,47.49182737,359257749
12/11/2023,47.47682966,47.51682054,45.81630146,46.61310485,509776236.3
12/12/2023,46.03225728,47.6517937,46.03225728,47.64279591,372422113
12/13/2023,47.61480168,48.57950522,47.59380599,48.07367476,447834239.3
12/14/2023,48.37557798,48.65545388,47.40784229,48.33558582,391268787.3
12/15/2023,48.17962005,49.38927336,48.10563468,48.87541137,479993085
12/18/2023,49.38527501,50.41796371,49.13535924,50.06206987,412626115.7
12/19/2023,49.40926606,49.68517684,48.88040737,49.5892295,464488213.3
12/20/2023,49.64021978,49.98411697,48.08367049,48.09663467,397931867
12/21/2023,48.79642796,49.08037026,48.40457374,48.97539179,300453642.3
12/22/2023,49.18034859,49.36827688,48.45256329,48.81542363,252530717
12/26/2023,48.9533943,49.58523226,48.94539613,49.26433125,244222751.7
12/27/2023,49.49625282,49.66521799,49.07037206,49.40227137,233670074.7
12/28/2023,49.62822315,49.8691065,49.39726926,49.50724706,246610630.7
12/29/2023,49.79815458,49.98211775,48.73643745,49.50724706,389329991
1/2/2024,49.22933982,49.280329,47.58080949,48.1536255,411293006.3
1/3/2024,47.47082925,48.16968606,47.30589588,47.55481202,320926450.3
1/4/2024,47.75277321,48.48555786,47.49382633,47.98369378,306563899.7
1/5/2024,48.44756618,49.53224495,48.29159726,49.08236966,415078414
1/8/2024,49.49725017,52.25938763,49.46425658,52.23739105,642570655
1/9/2024,52.38536312,54.30883793,51.67460712,53.12414544,773173116.7
1/10/2024,53.60001547,54.58368087,53.47304043,54.33379845,533846300.7
1/11/2024,54.98260107,55.32953045,53.54402769,54.80563646,596815254.7
1/12/2024,54.60367778,54.95360728,54.31387113,54.69365951,353027093.7
1/16/2024,55.00159606,56.8180252,54.88362008,56.36521775,449622298.3
1/17/2024,56.33022788,56.45396948,54.72365558,56.03628817,474439113.7
1/18/2024,57.24293982,57.5828373,56.09027464,57.08997101,491696717.7
1/19/2024,57.97169236,59.4822519,57.20794794,59.47325411,543552691.3
1/22/2024,60.03114017,60.31298326,59.05237281,59.63622045,452997550.7
1/23/2024,59.55223649,59.89216731,58.56757019,59.85517526,294682163.7
1/24/2024,60.28598672,62.83026785,59.92016088,61.34373749,560323803
1/25/2024,62.33143703,62.70032966,60.83184246,61.59862032,482822505.7
1/26/2024,60.9418192,61.76455223,60.55493227,61.01280446,390345617
1/29/2024,61.21376317,62.47040717,60.88883037,62.44641264,348765951
1/30/2024,62.88122386,63.47406926,62.24145313,62.75528176,410774017.3
1/31/2024,61.42168852,62.25045384,60.68190659,61.50863807,453837810
2/1/2024,62.08148767,63.17213332,61.63161365,63.00819956,369180750
2/2/2024,63.95490714,66.58013894,63.6710315,66.14026359,476622823.3
2/5/2024,68.20467213,69.47628081,67.18498097,69.31131411,680142275.7
2/6/2024,69.60922203,69.73319696,66.2802353,68.20267594,683175812.3
2/7/2024,68.2986571,70.19907038,67.5798029,70.07809429,495621552
2/8/2024,70.05309716,70.77288429,69.43429132,69.62021911,414461235.7
2/9/2024,70.51197405,72.16347123,70.19107301,72.1114837,436678195.3
2/12/2024,72.57834658,74.58877086,71.2287887,72.22645247,613768126.7
2/13/2024,70.37903492,73.42811247,69.59922746,72.10648208,602637064.7
2/14/2024,73.1801981,74.21388645,71.91652212,73.87795534,504964991.7
2/15/2024,73.84695855,73.95293536,72.37842377,72.63633644,420161574.3
2/16/2024,74.07791094,74.37981676,72.47937019,72.59134722,495373552
2/20/2024,71.92551579,71.93451486,67.71377453,69.43129214,704899678.3
2/21/2024,67.98571628,68.86747126,66.22824242,67.45189283,684848981.3
2/22/2024,75.00262458,78.55156691,74.19788839,78.51460946,865181571.3
2/23/2024,80.7659155,82.36942097,77.54690413,78.79351741,829466639.7
2/26/2024,79.67627209,80.6219484,78.48161549,79.06843118,504020439
2/27/2024,79.35733361,79.45631567,77.13902078,78.67753865,391742165.7
2/28/2024,77.59689394,78.90945852,77.10202716,77.63988494,393147418.3
2/29/2024,79.07043194,79.96614823,78.32664897,79.08842752,507336935.7
3/1/2024,79.97614077,82.27544005,79.41132169,82.25444308,479180348.3
3/4/2024,84.1049343,87.66887583,83.6940195,85.2115763,615674496.7
3/5/2024,85.24723694,86.07401598,83.39478632,85.9410399,520680257.7
3/6/2024,87.99851987,89.70003185,87.0068049,88.67632367,582566137.7
3/7/2024,90.13395063,92.74226056,89.57805523,92.64427912,608167076.3
3/8/2024,95.1125461,97.37402115,86.48290112,87.50464336,1142359099
3/11/2024,86.40591781,88.77330469,84.14354311,85.75114136,678417569
3/12/2024,88.02551376,91.93544361,86.1270701,91.88848676,668127801
3/13/2024,91.0306814,91.47959616,88.41137306,90.86371286,635763062.3
3/14/2024,89.55306127,90.62182705,86.57688592,87.92053385,602365618.7
3/15/2024,86.90682472,89.52206538,86.23398573,87.81322011,642136755
3/18/2024,90.36390722,92.38032746,87.06176105,88.43137107,669028698.7
3/19/2024,86.67686781,90.51987914,84.98728722,89.37416253,672224197.3
3/20/2024,89.77301647,90.38590341,88.19947989,90.34790989,479100642.3
3/21/2024,92.27534424,92.62327866,90.38089917,91.41060507,480410085.3
3/22/2024,91.11666333,94.75271318,90.80972132,94.26383899,586765522
3/25/2024,93.91593969,96.74017423,93.48505413,94.97667255,552179601.3
3/26/2024,95.82541143,96.3493136,92.47730808,92.53629635,513688233
3/27/2024,93.08716065,93.2151027,89.09924448,90.22593223,586113360.7
3/28/2024,89.97598135,91.27563798,89.16923332,90.33191536,435246510.7
4/1/2024,90.27492511,92.20036132,89.18023056,90.33891154,452477009.3
4/2/2024,88.42436787,90.0699596,87.59662513,89.42811422,433097868
4/3/2024,88.46036951,90.34991408,88.37638542,88.94027787,370095900
4/4/2024,90.38189905,90.60982433,85.85708315,85.88207896,434999241.3
4/5/2024,86.84283486,88.4573664,85.90307997,87.98452213,399709838.7
4/8/2024,88.6763215,88.80629869,86.70885996,87.10971823,283242334.7
4/9/2024,87.41865812,87.6116221,82.99985652,85.33121572,502971293
4/10/2024,83.90359021,87.37667014,83.68663005,87.01580465,431962738.3
4/11/2024,87.39666628,90.71474245,86.90282725,90.59183188,431671229
4/12/2024,89.67503605,90.15094842,87.50664424,88.162487,426838521
4/15/2024,89.07424572,90.5888273,85.90607538,85.97802804,443111924.3
4/16/2024,86.40958127,88.09449697,86.04095209,87.39166405,370482220.7
4/17/2024,88.31638887,88.75130881,83.92758116,84.01256741,495438737.3
4/18/2024,84.94729085,86.1669952,82.38000676,84.64841254,447295484.3
4/19/2024,83.12783513,84.30151308,75.58582048,76.17967352,874027615
4/22/2024,78.08314938,80.05164649,76.3796048,79.49678405,596387697.3
4/23/2024,80.74744804,82.74690538,80.24257723,82.40100354,438593841.3
4/24/2024,83.92758329,84.05955974,79.16184671,79.65575494,512248069.3
4/25/2024,78.84697044,83.30080011,78.20212616,82.60993194,424674297
4/26/2024,83.79561346,88.30733208,83.36479455,87.71161054,551054312.7
4/29/2024,87.57163611,87.96852667,85.24323974,87.73360651,389001527.7
4/30/2024,87.21670134,88.79530534,86.27697975,86.37892637,363737482
5/1/2024,85.05427015,85.97702877,81.23305343,83.01885196,559907274
5/2/2024,84.42648689,86.2139847,83.17782156,85.79413094,377927481
5/3/2024,87.76559287,89.2571779,87.01680019,88.76530483,398372219.7
5/6/2024,89.3661597,92.19536155,89.03125632,92.11540932,376232384
5/7/2024,91.07367131,91.75654244,88.98726438,90.52987402,437376225.3
5/8/2024,89.45877694,91.16965477,89.39615427,90.38790256,325746693
5/9/2024,90.50487925,91.04767692,88.20747913,88.72331506,378042603.3
5/10/2024,90.28058737,91.37661486,89.20322242,89.85400034,335351713.7
5/13/2024,90.45388834,90.973692,88.5053556,90.37490494,289702967.3
5/14/2024,89.57505371,91.62656855,88.91027843,91.33162463,296530442.3
5/15/2024,92.44731651,94.83670035,91.57458026,94.60474321,417768259.3
5/16/2024,94.88469519,95.79342319,94.07791126,94.33383125,323977420
5/17/2024,94.34382762,94.71472274,91.78150825,92.45431391,359719375
5/20/2024,93.72497644,95.17460285,93.41506887,94.75471575,318789457.7
5/21/2024,93.57403234,95.37452784,93.15511155,95.36053049,328972260.7
5/22/2024,95.43351806,95.99437825,93.22410056,94.92467953,548691263
5/23/2024,102.0008219,106.2916818,101.4929164,103.771157,835131046.7
5/24/2024,104.4210286,106.446648,102.9726352,106.4406503,429527659.7
5/28/2024,110.2146063,114.9083901,109.8536742,113.8705846,652779404
5/29/2024,113.0197436,115.4612823,110.8714803,114.7944078,557485903.3
5/30/2024,114.6194481,115.7879279,109.633719,110.470561,486456309
5/31/2024,112.489844,112.6868091,106.9115617,109.6037223,613311028.7
6/3/2024,113.5906383,114.9693783,111.9729412,114.9693783,438426425
6/4/2024,115.6849146,116.5687468,114.0145603,116.4057768,403355809.3
6/5/2024,118.3394095,122.4168078,117.4365794,122.4076445,528443529.7
6/6/2024,124.0146771,125.5533883,118.2884217,120.9659187,664748548
6/7/2024,119.7381453,121.6596854,117.9904761,120.8559363,412418387.3
6/10/2024,120.3380337,123.0671856,116.9786653,121.7577661,313944591.3
6/11/2024,121.7444388,122.8439309,118.714926,120.8845793,222562643.7
6/12/2024,123.033896,126.8529489,122.5443088,125.1732187,299610424.7
6/13/2024,129.3625453,129.7724807,127.132905,129.5825104,260717934.3
6/14/2024,129.9324597,132.8119936,128.2927233,131.8521507,309336317
6/17/2024,132.9619704,133.7018483,129.552517,130.95229,288519268
6/18/2024,131.1122621,136.3010956,130.6623354,135.5512161,294350238
6/20/2024,139.7702126,140.7300556,129.4925309,130.7523267,517795065
6/21/2024,127.0929136,130.6023504,124.2733667,126.5430009,653505468.3
6/24/2024,123.2138622,124.4333332,118.0150322,118.0850208,476085398
6/25/2024,121.1745285,126.4730114,119.2948314,126.0630761,421944440
6/26/2024,126.1030714,128.0927511,122.5743055,126.3730295,362994593.3
6/27/2024,124.0733973,126.383028,122.8939201,123.9634148,252584701
6/28/2024,124.5533228,127.6828192,122.7242828,123.5134896,315532957.3
7/1/2024,123.4435009,124.8132792,118.8049131,124.2733682,284900178.3
7/2/2024,121.1045423,123.3835115,121.0045588,122.6442952,218385232.3
7/3/2024,121.6344553,128.2527234,121.3345024,128.2527234,215760092.7
7/5/2024,127.352868,128.8226348,125.6531422,125.8031186,214187723
7/8/2024,127.4628473,130.7423224,127.0129207,128.172733,237689543.7
7/9/2024,130.3223979,133.7918409,128.6226669,131.3522321,286484183.7
7/10/2024,134.0018017,135.0712989,132.3920602,134.8813287,248991408
7/11/2024,135.7211941,136.1211279,127.022926,127.3728693,374802008
7/12/2024,128.2327319,131.8921453,127.1929011,129.2125781,252693520.7
7/15/2024,130.532357,131.3622242,127.1529009,128.4126992,208336913.3
7/16/2024,128.4127007,129.0126013,124.5533206,126.3330343,214780562
7/17/2024,121.3245058,121.8244255,116.6952505,117.9650453,390106279.3
7/18/2024,121.824425,122.3743377,116.5352745,121.0645464,320996035.3
7/19/2024,120.324667,121.5744662,117.3451471,117.9050563,217234983.3
7/22/2024,120.3246678,124.043404,119.8347473,123.5134896,258082200.7
7/23/2024,122.7539417,124.6633028,122.0743842,122.5643048,173919948
7/24/2024,119.1448552,119.9247295,113.4157772,114.2256462,327793770
7/25/2024,113.0158423,116.6052644,106.2775924,112.2559637,460090692.3
7/26/2024,116.1653349,116.1753315,111.5560753,113.0358361,293414196.3
7/29/2024,113.6657369,116.2553196,111.2761211,111.5660722,248164865
7/30/2024,111.4960849,111.9660099,102.5181955,103.7080052,486858355.3
7/31/2024,112.8758635,118.3149879,110.85652,116.9952001,473198555
8/1/2024,117.5051179,120.134697,106.7876397,109.186788,523489258.7
8/2/2024,103.7379965,108.6971993,101.3483807,107.2474307,482052304.7
8/5/2024,92.04047511,103.3880536,90.67076352,100.4285269,552870854.3
8/6/2024,103.8179848,107.687364,100.5285155,104.2279201,409033154
8/7/2024,107.7873466,108.7771894,98.66908,98.88901174,411461590.3
8/8/2024,101.9782803,105.477718,97.49933222,104.9478036,391930184.7
8/9/2024,105.6176956,106.5775411,103.4080509,104.7278388,290859159.3
8/12/2024,106.2975883,111.0461586,106.2375987,108.9968202,325576651
8/13/2024,112.4159363,116.2053277,111.5560743,116.1153408,312662783
8/14/2024,118.5049606,118.5749493,114.0456773,118.0550339,339263868
8/15/2024,118.7349221,123.2138677,117.4451291,122.8339296,318103067.3
8/16/2024,121.9144105,124.9732514,121.1545319,124.5533195,302605469
8/19/2024,124.2533774,129.9724593,123.3935152,129.9724593,318349981.3
8/20/2024,128.3727049,129.8524708,125.8631099,127.2228916,300102854.7
8/21/2024,127.2895443,129.3225537,126.632985,128.4726882,257896867.3
8/22/2024,129.9924488,130.7223302,123.0738918,123.7134555,376208459.7
8/23/2024,125.83311,129.5725109,125.193213,129.3425441,323246951.7
8/26/2024,129.5425216,131.2322459,124.3433555,126.4330185,331981781.3
8/27/2024,125.0232469,129.1725782,123.8534329,128.2727248,303150197.3
8/28/2024,128.0927487,128.3027172,122.6142972,125.5831538,448124175
8/29/2024,121.3311709,124.4033442,116.6852507,117.5651084,453046625
8/30/2024,119.5047961,121.7244399,117.1951681,119.3448232,333768777
9/3/2024,115.9853647,116.1853316,107.2674318,107.9773174,477179665.7
9/4/2024,105.3877371,113.2458056,104.0979439,106.187607,372489473.3
9/5/2024,104.9644696,109.6267224,104.7378413,107.1874468,306866496.3
9/6/2024,108.0173124,108.127295,100.92845,102.8081496,413659395
9/9/2024,104.8578186,106.5275523,103.6680115,106.4475645,273926107
9/10/2024,107.7873454,109.3767579,104.9278047,108.0772991,268297524.3
9/11/2024,109.3667602,117.1651748,107.3974096,116.8852202,441445116
9/12/2024,116.821894,120.7713736,115.3620872,119.1215911,366759663.3
9/13/2024,119.0615971,119.9381466,117.5817916,119.0815934,238363783.7
9/16/2024,116.7719006,118.1617167,114.3422216,116.7619012,248778016.3
9/17/2024,118.1517178,118.7816361,114.8121603,115.5720581,231931218.7
9/18/2024,115.8720185,117.6817785,113.202372,113.3523527,310326039.7
9/19/2024,117.3318274,119.6415239,117.2318411,117.8517601,293513153.7
9/20/2024,117.041865,118.6003606,115.3721196,115.9820059,382471193.7
9/23/2024,116.531933,116.9718731,114.8421555,116.241971,206233233
9/24/2024,116.4986028,121.7812406,115.362087,120.8513634,354974943.3
9/25/2024,122.0012073,124.92049,121.5912628,123.4906789,284699454.7
9/26/2024,126.7802458,127.6467959,121.7812399,124.0206098,302589839
9/27/2024,123.9506187,124.01061,119.2415748,121.3812918,271015416
9/30/2024,118.291699,121.4812782,118.1317214,121.421287,226892231.7
10/1/2024,121.7479063,122.417853,115.7720313,116.9818711,302101433.3
10/2/2024,116.4219512,119.3615611,115.122122,118.8316315,221850991
10/3/2024,120.9013549,124.3405679,120.3214643,122.8311,277124355.7
10/4/2024,124.9204907,125.020477,121.8112348,124.9004919,244208698.7
10/7/2024,124.9704838,130.6197377,124.9304888,127.7001242,346258163.3
10/8/2024,130.2397829,133.4593577,129.3998951,132.8694369,285729057.3
10/9/2024,134.0892852,134.4992322,131.3596472,132.6294758,246197258.3
10/10/2024,131.8895723,134.9791628,130.9796913,134.7891871,242316877.7
10/11/2024,133.9892905,135.759058,133.6393398,134.7791889,170213400.7
10/14/2024,136.4489674,139.5782221,136.2789905,138.0484247,232353025.7
10/15/2024,137.8487799,138.5483581,128.7199898,131.5796121,377839684.7
10/16/2024,133.9592994,136.5989504,131.5596184,135.6990713,264885790.3
10/17/2024,139.31825,140.8680462,136.8489094,136.9089006,306442945
10/18/2024,138.6450099,138.8783115,137.2588605,137.9784324,176094239
10/21/2024,138.1084136,143.6876768,137.9784292,143.6876768,264560580.7
10/22/2024,142.887791,144.3975897,141.7579387,143.5676988,226316794
10/23/2024,142.0078971,142.4078422,137.438837,139.5382231,285936579.7
10/24/2024,140.7980602,141.3279898,138.4383719,140.3881132,172358854.3
10/25/2024,140.9080426,144.1076239,140.7780633,141.5179622,205126814
10/28/2024,142.9777742,143.1177555,140.0281649,140.4981032,173590701.7
10/29/2024,140.2647914,142.2377981,138.8783086,141.2280001,157597230.7
10/30/2024,139.5182257,140.3081242,136.7889212,139.3149198,179422214.7
10/31/2024,137.5788252,137.5888221,132.0897486,132.7394607,270045815.7
11/1/2024,134.6792031,137.2888585,134.5492237,135.3691096,207132569.7
11/4/2024,137.188869,138.9383044,135.5490859,136.0290211,187532498
11/5/2024,137.4288405,140.3481541,137.308858,139.8881844,160541078
11/6/2024,142.9377877,146.4673211,141.9379198,145.5874357,242049474
11/7/2024,146.3673268,148.906989,146.1473555,148.8569997,207328062.7
11/8/2024,148.7470014,149.7468692,146.23733,147.6071523,175669844.7
11/11/2024,148.6570167,148.8269987,143.5476969,145.2374693,182329794
11/12/2024,146.7572634,149.6268824,145.9873638,148.267062,198639274.7
11/13/2024,149.0469765,149.3069403,145.8773908,146.2473454,191907696.3
11/14/2024,147.6171563,148.9769767,145.5274337,146.7372709,194467766.7
11/15/2024,144.8475147,145.2174692,140.0581501,141.9578969,250138634.7
11/18/2024,139.4782284,141.5279585,137.1288703,140.1281405,221650860
11/19/2024,141.2979965,147.107228,140.9680395,146.9872404,227840136.7
11/20/2024,147.3871901,147.5371683,142.7078058,145.8673895,309878801.7
11/21/2024,149.3269359,152.8661327,140.6780758,146.6472874,400955798.7
11/22/2024,145.9073854,147.1372265,141.0780279,141.9279126,236411614.3
11/25/2024,141.9679047,142.027896,135.799054,135.9990266,344949814
11/26/2024,137.678799,139.2782562,135.6490677,136.8989025,190292055
11/27/2024,134.9891534,137.1988635,131.7795805,135.3191104,226376103
11/29/2024,136.758929,139.3282586,136.0290269,138.2284019,141866443.3
12/2/2024,138.8083201,140.4281044,137.8021221,138.6083476,171686735.3
12/3/2024,138.2383998,140.5180982,137.9284416,140.2381356,164417764.3
12/4/2024,141.974568,145.7673982,140.2681251,145.1174862,231229609
12/5/2024,145.0941561,146.5239975,143.9342816,145.0441606,172621193.3
12/6/2024,144.5842175,145.6840944,141.2945738,142.4244521,188505591
12/9/2024,138.9548259,139.9347174,137.115028,138.7948421,189308608.3
12/10/2024,138.9948177,141.8045152,133.7753874,135.0552523,210020896
12/11/2024,137.3450001,140.1546925,135.195237,139.2947862,184905197.3
12/12/2024,137.0650347,138.4248864,135.7851748,137.3250045,159211397.7
12/13/2024,138.9248301,139.5847593,132.5255259,134.2353414,231514893.7
12/16/2024,134.1653399,134.3853162,130.4057524,131.9855804,237951110
12/17/2024,129.0759043,131.5756313,126.8461492,130.3757633,259410287.7
12/18/2024,133.8453914,136.6850802,128.2659997,128.8959326,277444511
12/19/2024,131.745603,134.0153565,129.5358473,130.6657204,209719203.3
12/20/2024,129.7958237,135.2652268,128.2059986,134.6852895,306528584.3
12/23/2024,136.2651211,139.774736,135.1052798,139.6547508,176053502
12/24/2024,139.9847144,141.8845049,138.6348597,140.2046908,105156996.3
12/26/2024,139.68475,140.8346276,137.7149647,139.9147235,116414596.7
12/27/2024,138.5348742,139.0048233,134.6952947,136.9950395,170582601
12/30/2024,134.8152715,140.254678,134.0053608,137.4749821,167734700
12/31/2024,138.0149327,138.0549312,133.8153922,134.2753392,155659203.7
1/2/2025,135.9851461,138.8648332,134.6152974,138.294893,198247188.7
1/3/2025,139.9947126,144.8841785,139.7147436,144.4542279,229322492.7
1/6/2025,148.5737738,152.1407197,147.8038948,149.4136808,265377386.3
1/7/2025,153.0132873,153.1132784,139.9947078,140.1246952,351782191.3
1/8/2025,142.5644366,143.9342854,137.5449832,140.0947058,227349916
1/10/2025,137.4349942,139.904725,134.2053483,135.8951646,207602504.7
1/13/2025,129.9758089,133.4754267,129.4958576,133.2154519,204808904.7
1/14/2025,136.0351487,136.3651133,130.0358037,131.7456142,195590495
1/15/2025,133.6354085,136.4351038,131.2756659,136.2251296,185217312.7
1/16/2025,138.624864,138.7348522,133.4754282,133.5554201,209235594.3
1/17/2025,136.6750772,138.4848788,135.4481796,137.6949672,201188786.7
1/21/2025,139.1448028,141.8145105,137.0750264,140.8146198,197748995
1/22/2025,144.644207,147.7738618,143.6543133,147.0539451,237651398.3
1/23/2025,145.0341653,147.2139249,143.7043099,147.2039278,155915516.3
1/24/2025,148.3537963,148.9537328,141.8645083,142.6044242,234657611.7
1/27/2025,124.7863752,128.3859791,116.6872575,118.4070701,818830898.3
1/28/2025,121.7966945,128.98591,116.2373026,128.9759129,579666383.3
1/29/2025,126.4861877,126.8761449,120.036893,123.6864924,467120613.3
1/30/2025,123.0865604,124.9863535,118.0871063,124.6363922,392925489.7
1/31/2025,123.7664847,127.8360402,119.1769871,120.0568901,389635633
2/3/2025,114.73747,118.5570528,112.9976607,116.6472627,371235692.3
2/4/2025,116.947227,121.1867633,116.6872547,118.6370433,256550013.3
2/5/2025,121.7467048,124.9863503,120.746814,124.8163694,262817343
2/6/2025,127.4060937,128.7559484,125.1963352,128.6659544,251483591.3
2/7/2025,129.2058826,130.3557549,124.9863432,129.8258132,228186299.3
2/10/2025,130.0757964,134.9852616,129.945814,133.5554201,216989095.3
2/11/2025,132.5655288,134.4653193,131.0056999,132.7855052,178902393
2/12/2025,130.0058059,132.2255639,129.0659077,131.125682,160278584
2/13/2025,131.5422976,136.4850923,131.1556738,135.2752222,197429991.7
2/14/2025,136.4650952,139.2347942,135.4852037,138.8348399,195479585.7
2/18/2025,141.2545792,143.4243417,137.9116066,139.3847799,219176609
2/19/2025,139.4947699,141.3445699,137.2050221,139.2148008,167536002
2/20/2025,140.0147139,140.6446468,136.7750991,140.0947058,143903594.3
2/21/2025,140.0247062,141.4445556,134.0153643,134.4153186,228217595
2/24/2025,136.5450925,138.5748705,130.0658013,130.2657784,251381112.3
2/25/2025,129.9658084,130.1857848,124.4264154,126.6161746,271428703.7
2/26/2025,129.9724762,133.715398,128.4759734,131.2656665,322553804.7
2/27/2025,134.9852613,134.9952583,119.9968985,120.136883,443175815.3
2/28/2025,118.0071134,125.0763414,116.3872919,124.9063606,389091115
3/3/2025,123.4965152,123.6864927,112.2677402,114.0475455,411381391
3/4/2025,110.6345879,119.2969745,110.0979799,115.977337,398163301.7
3/5/2025,117.5671628,118.2658187,114.4974981,117.2871938,284337895.3
3/6/2025,113.5176042,115.3374054,110.2079664,110.5579277,321181887
3/7/2025,111.2378561,113.4676138,107.548258,112.6776997,341755489.3
3/10/2025,109.8880037,111.8377898,105.4484876,106.9683231,366487387.7
3/11/2025,106.9783136,112.2250736,104.7585557,108.7481217,354865697.3
3/12/2025,114.1110415,116.750834,112.871137,115.7309127,323857484.7
3/13/2025,117.0208093,117.7507531,113.7810644,115.5709242,299033110.3
3/14/2025,118.600686,121.870428,118.1407224,121.6604448,277593485
3/17/2025,122.7303605,122.8803492,118.0207307,119.5206129,255501493.7
3/18/2025,117.9907345,119.0106533,114.5310065,115.4209364,299686914.7
3/19/2025,117.260792,120.4372091,115.6709181,117.5107724,273426208.3
3/20/2025,116.5408461,120.1905574,116.4608518,118.5206892,248829716.3
3/21/2025,116.9308162,117.9807322,115.4109342,117.6907547,266498509.3
3/24/2025,119.870585,122.2104026,119.3306271,121.400467,228452511.3
3/25/2025,120.5372004,121.2804749,118.9106601,120.6805226,167447199.3
3/26/2025,118.7206768,118.8306658,112.7011481,113.7510667,295442222.3
3/27/2025,111.3412574,114.4410135,110.6513133,111.4212517,236902085
3/28/2025,111.477912,112.8611386,109.0615026,109.6613883,229872516.3
3/31/2025,105.1217425,110.9479519,103.6418601,108.3714872,299212684.3
4/1/2025,108.5081443,110.1913459,106.4616402,110.1413513,222614011.3
4/2/2025,107.281574,111.9712065,106.7816133,110.4113273,220601214.3
4/3/2025,103.5018734,105.6217053,101.5920221,101.792008,338769404
4/4/2025,98.90223441,100.1221365,92.10276736,94.30259359,532273803.3
4/7/2025,87.4531293,101.7420071,86.6131965,97.63232971,611041315.7
4/8/2025,103.7985128,105.8416862,94.45258093,96.29243774,476243397.3
4/9/2025,98.8822349,115.0909618,97.52240815,114.3210234,612918312
4/10/2025,109.3614113,110.8512935,99.14221351,107.5615516,437812384.3
4/11/2025,108.4914806,111.5411754,107.4715618,110.9212899,313417288.3
4/14/2025,114.1010408,114.2810268,109.0614362,110.7013073,264705016.3
4/15/2025,110.9612851,113.6077441,110.4913216,112.191187,228966900
4/16/2025,104.5417922,106.7816156,100.442112,104.4817951,397016890
4/17/2025,104.4417937,104.4617936,100.0421414,101.4820266,292517488.3
4/21/2025,98.76224379,99.43219312,95.03253808,96.90239217,288501112
4/22/2025,98.77223897,99.80282431,97.27235682,98.88223053,241004794.7
4/23/2025,104.5117899,104.7917701,102.0119863,102.7019329,247525990.3
4/24/2025,103.4685402,106.5316324,103.1019017,106.4216408,220815013.7
4/25/2025,106.8416108,111.9112126,105.7217003,111.0012854,251064690.7
4/28/2025,109.6813907,110.3612708,106.0116769,108.7214664,207708493
4/29/2025,107.6615452,110.1912795,107.4315647,109.0114387,170444287.7
4/30/2025,104.4617948,108.9114443,104.0718257,108.9114443,235044603.7
5/1/2025,113.071119,114.9309731,111.2912592,111.601234,236121502.3
5/2/2025,114.1710353,115.3909399,113.3610997,114.49101,190194792.7
5/5/2025,112.8978028,114.6576628,112.6511557,113.8110633,133163213.7
5/6/2025,111.4712492,114.7309914,110.8126331,113.5310866,158525607
5/7/2025,113.0377916,117.6707605,112.272384,117.0508083,207471473.7
5/8/2025,118.2407146,118.6706809,115.8409025,117.3607846,198428107.3
5/9/2025,117.3407842,118.2207167,115.2009524,116.6408401,132972196.3
5/12/2025,121.9604225,122.9903412,120.2705544,122.9903412,225023315
5/13/2025,124.9701868,131.2089627,124.4602261,129.9197945,330430101.7
5/14/2025,133.1862034,135.4260293,131.6696547,135.3293685,281180810
5/15/2025,134.282789,136.2893011,132.6495871,134.8194161,226632587.7
5/16/2025,136.2093057,136.3392972,133.4495243,135.3893677,226542483.7
5/19/2025,132.379599,135.8593242,132.379599,135.5593518,193154590.3
5/20/2025,134.2794508,134.5694309,132.6095826,134.3694476,161514215.7
5/21/2025,133.0495497,137.3892076,130.5797433,131.7896505,270608712.7
5/22/2025,132.2196138,134.2394566,131.5396696,132.8195687,187343984.7
5/23/2025,129.9897914,132.6695786,129.1498586,131.2796879,198821308
5/27/2025,134.1394585,135.6493431,133.2995257,135.4893545,192953604.3
5/28/2025,136.015986,137.2392239,134.7794148,134.7994147,304021115.3
5/29/2025,142.235496,143.4787338,137.8991714,139.1790704,370157422.3
5/30/2025,138.7057753,139.6090359,132.909563,135.1193917,333170883.7
6/2/2025,135.4793623,138.1091523,135.3893655,137.3692137,197663105.3
6/3/2025,138.7690981,141.9888456,137.9391627,141.2089073,225578794.3
6/4/2025,142.1788356,142.3788189,139.532374,141.9088554,167120806.3
6/5/2025,142.1588316,143.9886885,138.8190952,139.9790053,232073153
6/6/2025,142.4988023,143.2587458,141.4988808,141.7088666,153986184.3
6/9/2025,143.1787569,144.9886139,141.928855,142.6188017,185114498
6/10/2025,142.6787938,144.2786651,141.5155504,143.9486955,155881899
6/11/2025,144.6019873,144.9819679,141.8621373,142.8220864,167694014.7
6/12/2025,141.962137,144.9919688,141.8421453,144.9919688,162364997
6/13/2025,142.4721019,143.5720429,140.845529,141.962132,180820588.3
6/16/2025,143.338727,146.1685657,143.1921322,144.6819849,183133688.7
6/17/2025,144.4819959,145.211954,143.772033,144.1120129,139108000
6/18/2025,143.9986846,145.6419268,143.1120674,145.4719368,161494107
6/20/2025,145.4419402,146.1918986,142.6420943,143.8420319,242956185.7
6/23/2025,142.4921071,144.7719804,142.0221327,144.162014,154308913.7
6/24/2025,145.5519349,147.9518049,145.491939,147.891804,187566107
6/25/2025,149.2617356,154.4414463,149.2517329,154.3014543,269146490.3
6/26/2025,155.9680213,156.7079822,153.9914658,155.0114107,198145715.3
6/27/2025,156.0313493,158.7012057,155.2480596,157.7412567,263234513
6/30/2025,158.3912269,158.6512157,155.9513663,157.9812535,194580305.3
7/1/2025,156.2813432,157.191294,151.4816131,153.291512,213143607
7/2/2025,152.9715224,157.5912699,152.9615248,157.2412872,171224103.7
7/3/2025,158.3612274,160.9710831,157.7612637,159.3311741,143716085
7/7/2025,158.1912376,159.3011763,157.3326183,158.2312382,140138991.7
7/8/2025,159.3211724,160.2111229,158.3812236,159.9911346,138133008.3
7/9/2025,161.2110693,164.410891,161.1510735,162.8709786,183656414.3
7/10/2025,164.3109011,164.4908887,161.601049,164.0909129,167704091.7
7/11/2025,163.7075986,167.8807004,163.4609458,164.9108645,193633287.7
7/14/2025,165.3608372,165.480834,162.0110258,164.0609133,136975784.7
7/15/2025,171.1805183,172.3904484,169.1872934,170.6905436,230627383.3
7/16/2025,171.0505254,171.740488,168.8906438,171.3605074,158831503
7/17/2025,172.0104732,174.1503544,170.8205383,172.9904175,160841106.3
7/18/2025,173.6303796,174.2403461,171.2505099,172.4004492,146456405.3
7/21/2025,172.7404332,173.3703999,170.9905301,171.3705107,123126112
7/22/2025,171.3305134,171.3805116,164.5708894,167.0207528,193114309
7/23/2025,169.5206084,171.2505111,167.9606956,170.7705391,154082199
7/24/2025,172.4304496,173.8203724,171.290513,173.7303786,128984609.3
7/25/2025,173.6003862,174.7103249,172.9504242,173.490392,122316797.3
7/28/2025,174.0103616,176.9901951,173.9603633,176.7402089,140023507
7/29/2025,177.9501467,179.3700675,175.0103087,175.5002783,154077504
7/30/2025,176.5002226,179.8800371,176.0302483,179.260073,174312202.7
7/31/2025,182.8898673,183.2898482,175.9202529,177.8601463,221685415.3
8/1/2025,174.0803551,176.5302183,170.8805334,173.7103772,204528995
8/4/2025,175.1503002,180.1900188,174.5103359,179.9900309,148174603
8/5/2025,179.6100506,180.250015,175.8902562,178.2501257,156407607
8/6/2025,176.3168999,179.8900328,176.240237,179.4100608,137192288.3
8/7/2025,181.5599484,183.8698197,178.786767,180.7599917,151878388.3
8/8/2025,181.5399431,183.2898461,180.3900037,182.6898773,123396693
8/11/2025,182.0399155,183.8298141,180.2400142,182.0499131,138323197
8/12/2025,182.9498662,184.4697784,179.4500601,183.1498541,145648034
8/13/2025,182.6065525,183.9598131,179.3400705,181.5799432,179871708
8/14/2025,179.7400397,183.00986,179.450058,182.0099154,129553986.3
8/15/2025,181.8699279,181.8899231,178.0312701,180.4400045,156602187
8/18/2025,180.5899941,182.9281966,180.5799914,181.9999121,132007986.3
8/19/2025,182.4198914,182.48989,175.4802801,175.6302698,185229206.3
8/20/2025,175.156964,175.990252,168.7913185,175.3902832,215142708.3
8/21/2025,174.8403148,176.8901972,173.8003696,174.9703042,140040883.3
8/22/2025,172.600441,178.5801084,171.1905178,177.9801447,172789409
8/25/2025,178.340124,181.899926,176.560223,179.8000403,163012796.3
8/26/2025,180.0466898,182.3798946,178.8000924,181.7599306,168688195.3
8/27/2025,181.9699169,182.4798919,179.0900799,181.5899414,235518916.3
8/28/2025,180.8099872,184.459783,176.4002302,180.1600201,281787808
8/29/2025,178.1001339,178.1401294,173.137073,174.1703489,243257891
9/2/2025,169.9905828,172.3697859,167.2107372,170.7705391,231164884.3
9/3/2025,171.0505296,172.4004569,168.8673194,170.6105532,164424891
9/4/2025,170.5605566,171.8504829,169.4006196,171.650495,141670114.7
9/5/2025,168.0206969,169.0206415,164.0609189,167.0107546,224441411.7
9/8/2025,167.54072,170.9505323,167.3407321,168.3006761,163769111
9/9/2025,169.0806309,170.9705259,166.7308308,170.7505377,157548397.3
9/10/2025,176.6302164,179.2800676,175.4602819,177.320179,226852006.7
9/11/2025,179.6734259,180.2734059,176.4735439,177.1635195,151159291.3
9/12/2025,177.7634928,178.5901297,176.4435387,177.813492,124911008.7
9/15/2025,175.6635752,178.8434616,174.5036164,177.7434998,147061586.3
9/16/2025,176.9935239,177.4935056,174.3736214,174.8736031,140737791.7
9/17/2025,172.6336831,173.1936618,168.4038393,170.2837671,211843805.7
9/18/2025,173.9736319,177.0935212,172.9536729,176.2335524,191763304.3
9/19/2025,175.7635647,178.0734792,175.1735824,176.6635297,237182114.3
9/22/2025,175.2935862,184.5432477,174.7004756,183.6032813,269637000.3
9/23/2025,181.9633401,182.4133226,176.2035527,178.4234668,192559584
9/24/2025,179.763419,179.7734168,175.3935756,176.9635205,143564105.3
9/25/2025,174.4736158,180.2534039,173.1203349,177.6835006,191586711
9/26/2025,178.1634795,179.763423,174.9235963,178.1834802,148573710.7
9/29/2025,180.4200633,183.9932685,180.3134056,181.8433492,193063485
9/30/2025,182.0733345,187.343143,181.4733544,186.5731698,236981010.7
10/1/2025,185.2332238,188.1331157,183.893269,187.2331506,173844900.3
10/2/2025,189.5930638,191.0430097,188.0531173,188.8830876,136805807
10/3/2025,189.183082,190.3530386,185.3732222,187.613137,137596898.7
10/6/2025,185.4932113,187.2231466,183.3232913,185.5332076,157678101.3
10/7/2025,186.2231852,189.0530823,183.9932682,185.0332279,140088002.7
10/8/2025,186.563173,189.5930617,186.5331694,189.1030778,130168887
10/9/2025,192.2196281,195.2928515,191.0530049,192.5629529,182997211.3
10/10/2025,193.4995823,195.6128386,182.0433379,183.1532975,268774386.3
10/13/2025,187.959788,190.1029761,185.9531967,188.3131106,153482785
10/14/2025,184.7632361,184.7932346,179.6934193,180.0234078,205641393.3
10/15/2025,184.7932375,184.8632323,177.2835091,179.823419,214450494
10/16/2025,182.2233304,183.273293,179.7634232,181.8033464,179723303
10/17/2025,180.1734051,184.0932661,179.7434233,183.2132967,173135205.7
10/20/2025,183.1233003,185.193222,181.7233485,182.6333164,128544703.7
10/21/2025,182.7799723,182.7799723,179.7934183,181.1533687,124240189.3
10/22/2025,181.1333714,183.4332883,176.7535301,180.2734027,162249584
10/23/2025,180.413395,183.0232997,179.7834831,182.1533331,111363706
10/24/2025,183.8299334,187.4631354,183.4932804,186.2531775,131296692.3
10/27/2025,189.9830479,191.9929725,188.4243007,191.482993,153452701.3
10/28/2025,193.0429382,203.1425657,191.9029801,201.0226449,297986193.3
10/29/2025,207.9723907,212.1821723,204.7691755,207.0324243,308829588
10/30/2025,205.1424893,206.1524556,201.4026294,202.8825739,178864414.3
10/31/2025,206.4424434,207.9623892,202.0626071,202.4825911,179802192.7
11/3/2025,208.0723832,211.3289287,205.5524741,206.8724282,180267295
11/4/2025,202.9925689,203.9624671,197.922752,198.6827275,188919306.7
11/5/2025,198.7627301,202.9125762,194.6428773,195.2028611,171350310.7
11/6/2025,196.4128125,197.6127676,186.3731821,188.0731189,223029792.7
11/7/2025,184.8932351,188.3131145,178.9034575,188.1431163,264942285
11/10/2025,195.1028608,199.9326847,193.7829067,199.0427175,198897111.3
11/11/2025,195.1495248,195.4128468,191.2929992,193.1529313,176483309
11/12/2025,195.7128399,195.8828331,191.1230091,193.7929108,154935287.7
11/13/2025,191.0430066,191.4329921,183.8432712,186.8531592,207423091.3
11/14/2025,182.8533048,191.0030043,180.5733887,190.1630363,186591885.3
11/17/2025,185.9598593,188.9930813,184.3132551,186.5931712,173628886
11/18/2025,183.3699568,184.7932375,179.643423,181.3533626,213598892.3
11/19/2025,184.7832353,187.8497921,182.8233765,186.5131757,247246412
11/20/2025,195.9428264,195.9928256,179.8434188,180.6333877,343504816.3
11/21/2025,181.2300361,184.5532453,172.9236693,178.8734556,346926184.3
11/24/2025,179.4834355,183.493287,176.4735424,182.5433228,256618311.7
11/25/2025,174.9035973,178.1534784,169.5437934,177.813492,320600290.3
11/26/2025,181.6233546,182.9033074,178.2334789,180.2534013,183852003.3
11/28/2025,179.0034447,179.283434,176.4935384,176.9935201,121332792
12/1/2025,174.7536053,180.2934055,173.6736442,179.9134178,188130985
12/2/2025,181.7533445,185.6532048,179.9934108,181.4533596,182632210
12/3/2025,181.0733746,182.4433229,179.103513,179.5834273,165138007.7
12/4/2025,181.616724,184.5133415,179.9567578,183.3766956,167364885.7
12/5/2025,183.8866823,184.6566698,180.9067375,182.4067104,143971099.3
12/8/2025,182.6367055,187.996609,182.396708,185.5466543,204378102
12/9/2025,185.556652,185.7144503,183.3166956,184.9666638,144719701.7
12/10/2025,184.9633294,185.4766517,182.0333796,183.7766833,162785390
12/11/2025,180.2734126,181.31673,176.6168108,180.9267322,182136613.7
12/12/2025,181.1067317,182.8167031,174.616847,175.0168429,204274906
12/15/2025,177.9341255,178.4134487,175.0268434,176.2868188,164775612
12/16/2025,176.2568201,178.4867836,174.8968445,177.7167961,148588099.3
12/17/2025,176.0968267,176.1268258,170.3069283,170.9369185,222775488
12/18/2025,174.5268492,176.1468184,171.816901,174.1368565,176096000.3
12/19/2025,176.6634786,181.4467253,176.3368173,180.9867365,324925909
12/22/2025,183.916679,184.1566765,182.34671,183.6866846,129064389.7
12/23/2025,182.9667001,189.3265856,182.8966989,189.2065894,174873607
12/24/2025,187.9366102,188.9065931,186.5866325,188.6065975,65528531.67
12/26/2025,189.9165721,192.6865235,187.9966073,190.5265613,139740297.3
12/29/2025,187.7066138,188.7532575,185.9066453,188.2166028,120006101
12/30/2025,188.2366068,188.9865933,186.9266262,187.5366154,97687281.33
12/31/2025,189.5665851,190.556564,186.48664,186.496638,120100494.7
1/2/2026,189.8332398,192.9264495,188.256601,188.8465942,148240487.3
1/5/2026,191.75654,193.6265097,186.146641,188.1166058,183529711
1/6/2026,190.516565,192.1691999,186.8166327,187.2366246,176862601.3
1/7/2026,188.5665993,191.3665447,186.5566323,189.1065873,153543191.3
1/8/2026,189.1065902,189.5465831,183.7066896,185.0366612,172457016
1/9/2026,185.0766601,186.3366355,183.6667509,184.8566636,131327511.3
1/12/2026,183.2166948,187.1166225,183.0166995,184.9366642,137968484.3
1/13/2026,184.9933294,188.1065402,183.3966896,185.8066473,160128913
1/14/2026,184.3166751,184.4566723,180.7967372,183.1366937,159586111.7
1/15/2026,186.4966377,189.696579,186.3266414,187.0466288,206188614
1/16/2026,189.0732538,190.4365628,186.0766413,186.2266366,187967189.7
1/20/2026,181.8967143,182.375776,177.606794,178.0667879,223345285.7
1/21/2026,179.046772,185.3759917,178.3967806,183.3166964,200380986.3
1/22/2026,184.746665,186.1666388,183.9266774,184.8366622,139636608.7
1/23/2026,187.4966156,189.5965797,186.8188303,187.6666119,142748092
1/26/2026,187.1566268,189.1165886,185.9866485,186.4666384,124799616.3
1/27/2026,187.2366222,189.9965706,185.6966472,188.5165987,143711585.7
1/28/2026,191.2665524,192.3465335,189.8365755,191.5165479,148552692.3
1/29/2026,191.336546,193.4765072,186.0566417,192.5065243,171764391.7
1/30/2026,191.2065523,194.4864927,189.4665819,191.1265531,179489487.7
2/2/2026,187.1966236,190.2965697,184.876668,185.6066534,165794084.7
2/3/2026,186.2366401,186.2666392,176.2268176,180.3367436,204019596.3
2/4/2026,179.4567638,179.57676,171.9068991,174.1868575,207014105.3
2/5/2026,174.9235065,176.8134773,171.0269123,171.876899,206312896.7
2/6/2026,176.6868115,186.9966245,174.5968504,185.4066545,231346213.7
2/9/2026,184.2566743,193.6565078,183.9466807,190.0365696,196387383.7
2/10/2026,191.3765477,192.4765248,188.1166032,188.5365951,136764808.3
2/11/2026,192.4465276,193.2565121,188.7665964,190.0465729,144192695
2/12/2026,193.0265175,193.6065077,186.5066337,186.9366286,189932497
2/13/2026,187.4732851,187.4966195,181.5867249,182.8067033,161888007
2/17/2026,181.7467215,187.1466221,179.1767654,184.9666638,162276886.7
2/18/2026,188.7465936,190.3665627,186.7566276,187.976606,164749108.3
2/19/2026,187.0532935,188.4266006,185.6566542,187.8966105,126554508.7
2/20/2026,186.566638,190.3265684,185.9351811,189.8165794,178422312.3
2/23/2026,191.3965471,193.9465021,189.5732492,191.5465474,171584813
2/24/2026,191.4865474,193.7665058,187.3966173,192.846523,175123600.7
2/25/2026,194.4464892,197.6263677,193.7864998,195.5564693,250637100.7
2/26/2026,194.2664956,194.2864915,184.3133428,184.8866632,360219738.3
2/27/2026,181.2467326,182.5867073,176.3768221,177.1868066,311229982.3
3/2/2026,175.0068421,183.4566938,174.6368504,182.4767078,209095310.3
3/3/2026,178.4867799,180.8967325,176.9168058,180.0467509,178099410
3/4/2026,180.4367467,184.6966681,180.0567519,183.0366968,177731199.3
3/5/2026,181.1667324,184.0566801,177.876794,183.3333594,198779709.7
3/6/2026,179.8367529,182.7540996,176.8168777,177.7734597,189021916.3
3/9/2026,176.8268097,182.9067006,175.5568312,182.6433687,177213596
3/10/2026,182.3967092,186.4366392,182.0067164,184.7633366,179118509.3
3/11/2026,185.9100012,187.6199984,184.449999,186.0299996,145280395.3
3/12/2026,184.050001,184.9400008,181.75,183.1399998,155762687.7
3/13/2026,184.9199994,186.0899988,179.9400008,180.25,160988408
3/16/2026,182.9700004,188.8800016,181.4100012,183.2200004,217307393.3
3/17/2026,185.0599992,185.399998,181.6802642,181.9299976,182497785.7
3/18/2026,182.4799986,183.3800016,180.3300006,180.399998,156683112
3/19/2026,178.0099982,179.9799986,175.7866644,178.5599992,170968509.3
3/20/2026,178,178.2599982,171.7200004,172.699999,241323509.7
3/23/2026,177.2566648,178.3699984,174.7599982,175.6399998,182836298
3/24/2026,174.8300006,176.2200004,173.9799986,175.199999,147667814.7
3/25/2026,177.100002,181.2200004,176.850002,178.6799976,162602084.7
3/26/2026,176.0700024,176.5099982,171.1399998,171.2400018,186152210.7
3/27/2026,170,170.9700004,167.0099982,167.5200014,196212694.7
3/30/2026,168.7799996,169.449999,164.2700014,165.1699994,185626997.3
3/31/2026,166.9700004,174.6199984,166.9600022,174.399998,226181300.3
4/1/2026,176,177.3699984,174.75,175.75,168132001.7
4/2/2026,172.1799976,177.4900018,171.3699984,177.3899998,143143185.7
4/6/2026,177.1566679,177.7899978,175.7599982,177.6399998,107564293
4/7/2026,175.7266652,178.2299986,173.6600012,178.100002,132534900.7
4/8/2026,184.5,185.2599982,180.300001,182.0800006,147732695.3
4/9/2026,181.8399988,184.0800006,180.6199984,183.9100012,116428507.7
4/10/2026,184.3099992,190,184.300001,188.6300016,160459508
4/13/2026,186.0299996,189.6600012,185.7400018,189.3099992,133648193.3
4/14/2026,190.8399988,196.5099982,190.7700014,196.5099982,161307003.3
4/15/2026,196.5399978,200.399998,195.7400018,198.8699984,185338396.3
4/16/2026,197.4299976,199.850002,195.8099992,198.350002,134012886.7
4/17/2026,199.899998,201.699999,199.2700014,201.6799976,160324405.3
4/20/2026,199.9799986,202.1699994,197.8397988,202.0599992,119381396
4/21/2026,202.1300016,202.75,199,199.8800016,107945300.7
4/22/2026,200.9900018,202.5,199,202.5,107501014
4/23/2026,202.4600022,203.8293339,197.2204004,199.6399998,113561810.3
4/24/2026,199.9600022,210.949999,199.8099992,208.2700014,214134413.7
4/27/2026,209.6466646,216.8266673,207.3800016,216.6100002,187172407
4/28/2026,209.4900018,214.7299986,208.199999,213.1699994,180275387.7
4/29/2026,212.7,212.72,207.5758,209.25,123711810.5
4/30/2026,209.93,210.3,198.7,199.57,225239157
